cafe_id,name,description,website,featured_image,main_category,categories,workday_timing,closed_on,phone,address,review_keywords,link,feature,outdoor,Indoor,RetroVintage,MinimalisCafe,IndustrialCafe,ModernCafe,ArtCafe,PetCafe,BooksCafe,24HoursCafe,MeetingCafe,StudyCafe,goodViews,FamilyCafe,CountryFood,Smoking,NonSmoking,Coffee,NonCoffee,GardenCafe
ChIJLSH8Jz_0aS4R_fiIMX4JkO8,Bakoel Koffie Cikini,"Tempat mengolah kopi yang menyajikan kopi klasik & campuran, serta makanan Indonesia, di ruang luas & klasik.",http://bakoelkoffie.com/,https://lh5.googleusercontent.com/p/AF1QipOSBsqvPfKyrnB00AeAyECMzRg9-80HbF19MUZc=w408-h306-k-no,Kedai Kopi,"Kedai Kopi, Kafe",08.00-23.30,,(021) 31936608,"Bakoel Koffie Cikini, Jl. Cikini Raya No.25, RT.16/RW.1, Cikini, Kec. Menteng, Kota Jakarta Pusat, Daerah Khusus Ibukota Jakarta 10330","meeting, lantai, smoking area, tempo, congklak, makanan indonesia, kopi tubruk, pisang goreng, kolonial, kepayang",https://www.google.com/maps/place/Bakoel+Koffie+Cikini/data=!4m7!3m6!1s0x2e69f43f27fc212d:0xef90097e3188f8fd!8m2!3d-6.1878471!4d106.8369566!16s%2Fg%2F1ywqfm4wn!19sChIJLSH8Jz_0aS4R_fiIMX4JkO8?authuser=0&hl=id&rclk=1,"outdoor, indoor, vintage, art cafe, meeting cafe, study cafe, smoking, nonsmoking, coffee, noncoffee",1,1,1,0,0,0,1,0,0,0,1,1,0,0,0,1,1,1,1,0
ChIJtX1aSBT0aS4RYeoXrSXRWCY,Anomali Coffee Menteng,,http://store.anomalicoffee.com/,https://lh5.googleusercontent.com/p/AF1QipNGodRJrMMty3uqy-JBhFtEHDxRlKJjf2YtxNxo=w426-h240-k-no,Mesin Sangrai Kopi,"Mesin Sangrai Kopi, Kafe, Kedai Kopi",07.00-23.00,,(021) 3106370,"Anomali Coffee Menteng, Jl. Teuku Cik Ditiro No.52, RT.10/RW.5, Menteng, Kec. Menteng, Kota Jakarta Pusat, Daerah Khusus Ibukota Jakarta 10310","meeting, wifi, toilet, pesan, colokan, panas, gula aren, akses internet, diskusi",https://www.google.com/maps/place/Anomali+Coffee+Menteng/data=!4m7!3m6!1s0x2e69f414485a7db5:0x2658d125ad17ea61!8m2!3d-6.1994197!4d106.8370158!16s%2Fg%2F11b7c8mkb6!19sChIJtX1aSBT0aS4RYeoXrSXRWCY?authuser=0&hl=id&rclk=1,"outdoor, indoor, minimalis cafe, modern cafe, meeting cafe, study cafe, smoking, nonsmoking, coffee, noncoffee",1,1,0,1,0,1,0,0,0,0,1,1,0,0,0,1,1,1,1,0
ChIJ9UFwzvbzaS4R91dtdzt6_U8,Lucky Cat Coffee & Kitchen,"Kafe luas 2 lantai yang menyajikan kopi, makanan rumahan, dan hidangan penutup di lingkungan bergaya pedesaan.",https://www.instagram.com/luckycatcoffeekitchen/,https://lh5.googleusercontent.com/p/AF1QipNOeRN74gV6QoWZIllWejGUDOGlX3xV5PUOhEhZ=w426-h240-k-no,Kedai Kopi,"Kedai Kopi, Kafe, Restoran",Buka 24 jam,,(021) 52961475,"Lucky Cat Coffee & Kitchen, Parkir Selatan Plaza Festival, Jl. H. R. Rasuna Said No.C22, RT.2/RW.5, Karet Kuningan, Kecamatan Setiabudi, Kota Jakarta Selatan, Daerah Khusus Ibukota Jakarta 12940","interior, pohon, smoking area, roasted chicken, pelayuran, nachos, tengah malam, donburi, klepon",https://www.google.com/maps/place/Lucky+Cat+Coffee+%26+Kitchen/data=!4m7!3m6!1s0x2e69f3f6ce7041f5:0x4ffd7a3b776d57f7!8m2!3d-6.2213856!4d106.8337835!16s%2Fg%2F11c464pjyp!19sChIJ9UFwzvbzaS4R91dtdzt6_U8?authuser=0&hl=id&rclk=1,"outdoor, indoor, minimalis cafe, 24 hours cafe, meeting cafe, study cafe, family cafe, smoking, coffee, noncoffee, gardencafe",1,1,0,1,0,0,0,0,0,1,1,1,0,1,0,1,0,1,1,1
ChIJUbFWB1vxaS4Rz4bnXgpxEoc,Anomali Coffee,,http://store.anomalicoffee.com/,https://lh5.googleusercontent.com/p/AF1QipPVGzoNzcaxne9WvpV-NfBuUn6No7V43SvfAhc4=w408-h544-k-no,Kafe,"Kafe, Kedai Kopi",07.00-23.00,,(021) 52920102,"Anomali Coffee, Jl. Senopati No.19, RT.6/RW.3, Senayan, Kec. Kby. Baru, Kota Jakarta Selatan, Daerah Khusus Ibukota Jakarta 12190","meeting, lantai, smoking area, valet, santai, kopi single origin, kopi luwak, cacar monyet, cordon bleu",https://www.google.com/maps/place/Anomali+Coffee/data=!4m7!3m6!1s0x2e69f15b0756b151:0x8712710a5ee786cf!8m2!3d-6.2305437!4d106.8080776!16s%2Fg%2F1tf8j37j!19sChIJUbFWB1vxaS4Rz4bnXgpxEoc?authuser=0&hl=id&rclk=1,"outdoor, indoor, industrial cafe, meeting cafe, study cafe, smoking, nonsmoking, coffee, noncoffee",1,1,0,0,1,0,0,0,0,0,1,1,0,0,0,1,1,1,1,0
ChIJZ3frHBX0aS4Rb3PvKlxkrHk,Giyanti Coffee Roastery,Tempat nongkrong dan menikmati kopi dengan biji kopi pilihan dari Indonesia dan negara lainnya.,http://www.giyanticoffeeroastery.com/,https://lh3.googleusercontent.com/gps-proxy/AFm_dcSrE-8AqqHRGTllO52eH5hzF-Yu_j7MrU0XncBQ3JuAVWmGhJOZx3-FcHD15SruuWarQt-msdDW7HUyB_V8VBgDy4L803FrZyMLn7d5Ad7v_lospvQvtK2e1IIPti7L7KKnoU_z6pv7zHWYK6U-0A9YPsUdj9b4H-s64Dj5AELQEV-BRzPdJuiJ=w408-h410-k-no,Mesin Sangrai Kopi,"Mesin Sangrai Kopi, Kedai Kopi, Toko kopi, Restoran",08.30-17.30,Senin,(021) 31923698,"Giyanti Coffee Roastery, Jl. Surabaya No.20, RT.15/RW.5, Menteng, Kec. Menteng, Kota Jakarta Pusat, Daerah Khusus Ibukota Jakarta 10310","smoking, foto, interior, pelayannya, brownies, sore, meeting, berat, canele, barang antik",https://www.google.com/maps/place/Giyanti+Coffee+Roastery/data=!4m7!3m6!1s0x2e69f4151ceb7767:0x79ac645c2aef736f!8m2!3d-6.1988632!4d106.8395423!16s%2Fg%2F12vqtc6zk!19sChIJZ3frHBX0aS4Rb3PvKlxkrHk?authuser=0&hl=id&rclk=1,"outdoor, indoor, minimalis cafe, art cafe, meeting cafe, study cafe, smoking, nonsmoking, coffee,",1,1,0,1,0,0,1,0,0,0,1,1,0,0,0,1,1,1,0,0
ChIJmS8JUrT2aS4R99BZY-87klI,The Cafe,Restoran elegan yang buka seharian di lobi hotel dengan makanan kosmopolitan dari susyi hingga kari India.,http://www.themulia.com/the-cafe-jakarta,https://lh5.googleusercontent.com/p/AF1QipNd6jJLXJ3YZ6xzFuJF3YYpjzLD4ZeJngIi9eRk=w408-h261-k-no,Restoran Prasmanan,"Restoran Prasmanan, Kedai Sarapan, Kafe, Prasmanan Kue Manis dan Makanan Penutup, Restoran Indonesia, Restoran Italia, Restoran Jepang, Restoran Korea","06.00-10.00, 12.00-15.00",,(021) 5747777,"The Cafe, Senayan, Jl. Asia Afrika, RT.1/RW.3, Gelora, Kecamatan Tanah Abang, Kota Jakarta Pusat, Daerah Khusus Ibukota Jakarta 10270","hotel, sashimi, kambing, makanan indonesia, bintang, lychee, sirloin, kopi jeli, romantis",https://www.google.com/maps/place/The+Caf%C3%A9/data=!4m7!3m6!1s0x2e69f6b452092f99:0x52923bef6359d0f7!8m2!3d-6.2149549!4d106.7970461!16s%2Fg%2F1tj6lc7s!19sChIJmS8JUrT2aS4R99BZY-87klI?authuser=0&hl=id&rclk=1,"indoor, modern cafe, art cafe, meeting cafe, family cafe, country food, nonsmoking, coffee, noncoffee",0,1,0,0,0,1,1,0,0,0,1,0,0,1,1,0,1,1,1,0
ChIJ6SEPNDz3aS4R4vV0JZXzhx8,Arborea Cafe,"Kafe nyaman dengan tempat duduk outdoor di ruang hijau yang teduh, menawarkan masakan lokal & kopi berkelas.",https://www.instagram.com/arboreacafe/%3Fhl%3Den,https://lh5.googleusercontent.com/p/AF1QipPe4gPbFqgfaThMESdmYoevHH509apAlb5aFwWV=w408-h408-k-no,Kafe,Kafe,08.00-21.00,,0898-3535-476,"Arborea Cafe, Manggala Wanabakti complex, Jl. Gatot Subroto No.1, RT.1/RW.3, Gelora, Tanah Abang, Central Jakarta City, Jakarta 10270","nyamuk, alam, konsep, rindang, hutan kota, kementerian, arboretum, lotion, kehutanan, penolak serangga",https://www.google.com/maps/place/Arborea+Caf%C3%A9/data=!4m7!3m6!1s0x2e69f73c340f21e9:0x1f87f3952574f5e2!8m2!3d-6.2061919!4d106.8013884!16s%2Fg%2F11g2pr4l7t!19sChIJ6SEPNDz3aS4R4vV0JZXzhx8?authuser=0&hl=id&rclk=1,"outdoor, indoor, good views, family cafe, nonsmoking, coffee, noncoffee, gardencafe",1,1,0,0,0,0,0,0,0,0,0,0,1,1,0,0,1,1,1,1
ChIJv-3vXEDxaS4R0nmvTmJc5WA,Walking Drums,"Kafe ramai yang menyajikan menu bervariasi seperti nasi bungkus daun, pizza renyah, dan kopi.",http://walkingdrums.id/,https://lh5.googleusercontent.com/p/AF1QipMAVvsrortmKejBENojQE2Bq2exLD9LRITTDqDq=w408-h305-k-no,Kedai Kopi,"Kedai Kopi, Restoran",07.00-22.00,,(021) 27515536,"Walking Drums, Jl. Pati Unus No.4, RT.4/RW.4, Gunung, Kec. Kby. Baru, Kota Jakarta Selatan, Daerah Khusus Ibukota Jakarta 12120","futsal, meeting, basket, pizza, nasi goreng, salted egg, smoking area, loco moco, nasi bakar, panna cotta",https://www.google.com/maps/place/Walking+Drums/data=!4m7!3m6!1s0x2e69f1405cefedbf:0x60e55c624eaf79d2!8m2!3d-6.2354107!4d106.7959308!16s%2Fg%2F11cjhpqsd9!19sChIJv-3vXEDxaS4R0nmvTmJc5WA?authuser=0&hl=id&rclk=1,"outdoor, indoor, modern cafe, meeting cafe, study cafe, good views, family cafe, smoking, nonsmoking, coffee, noncoffee",1,1,0,0,0,1,0,0,0,0,1,1,1,1,0,1,1,1,1,0
ChIJP_KCL7_xaS4RK-0fDLYtghU,Shisha Cafe Kemang,"Tempat ramai hingga larut malam yang menawarkan berbagai pipa hookah berperisa, DJ, dansa, dan koktail.",http://www.shisha.co.id/,https://lh5.googleusercontent.com/p/AF1QipO5o-rsL_I-wJJ6oyzpDK9tcLRnmId8gDAmSPI3=w424-h240-k-no,Kafe,"Kafe, Restoran Lebanon, Restoran Timur Tengah",09.00-00.00,,(021) 7193587,"Shisha Cafe Kemang, Jl. Kemang Raya No.10, RT.9/RW.1, Bangka, Kec. Mampang Prpt., Kota Jakarta Selatan, Daerah Khusus Ibukota Jakarta 12730","tari perut, hidangan arab, masakan timur tengah, hiburan, jumat, makan malam, romantis, shisa, penari, pertunjukan",https://www.google.com/maps/place/Shisha+Cafe+Kemang/data=!4m7!3m6!1s0x2e69f1bf2f82f23f:0x15822db60c1fed2b!8m2!3d-6.2567107!4d106.8146994!16s%2Fg%2F1wrb5wtr!19sChIJP_KCL7_xaS4RK-0fDLYtghU?authuser=0&hl=id&rclk=1,"outdoor, indoor, art cafe, country food, smoking, coffee, noncoffee",1,1,0,0,0,0,1,0,0,0,0,0,0,0,1,1,0,1,1,0
ChIJq6ca0EjxaS4RfRbksOau540,Monolog Coffee Company Plaza Senayan,"Kafe yang menyediakan sarapan di pagi hari, kopi, tempat nongkrong, dan dengan DJ saat malam minggu.",http://www.monolog-coffee.com/,https://lh5.googleusercontent.com/p/AF1QipNAKbxY9RRSSeGEBsWV86s1zj9wGxA8OE9aRega=w426-h240-k-no,Kafe,"Kafe, Kedai Sarapan, Kedai Kopi, Restoran",07.00-22.00,,(021) 5725144,"Monolog Coffee Company Plaza Senayan, Plaza Senayan Mall, Palm Gate Entrance, Jl. Asia Afrika No.8, Gelora, Daerah Khusus Ibukota Jakarta 10270","meeting, pagi, parkiran, mall, smoking, donat, eggs benedict, olahraga, salmon, pinggul",https://www.google.com/maps/place/Monolog+Coffee+Company+Plaza+Senayan/data=!4m7!3m6!1s0x2e69f148d01aa7ab:0x8de7aee6b0e4167d!8m2!3d-6.2255785!4d106.7990353!16s%2Fg%2F1tf2hvt0!19sChIJq6ca0EjxaS4RfRbksOau540?authuser=0&hl=id&rclk=1,"indoor, minimalis cafe, study cafe, nonsmoking, coffee, noncoffee",0,1,0,1,0,0,0,0,0,0,0,1,0,0,0,0,1,1,1,0
ChIJsSyuJj_0aS4RcemBZXiAhYc,Kedai Tjikini,"Tempat nongkrong dengan tema klasik menyajikan menu nusantara dan aneka jenis kopi, tersedia Wi-Fi.",http://tjikini.com/,https://lh5.googleusercontent.com/p/AF1QipOSNZtb9u9-FcsqOGtPhuXRzXLw06Gwt8kLp5IS=w408-h271-k-no,Restoran Indonesia,"Restoran Indonesia, Kafe",08.00-22.00,,(021) 31935521,"Kedai Tjikini, Jl. Cikini Raya No.17, RT.16/RW.1, Cikini, Kec. Menteng, Kota Jakarta Pusat, Daerah Khusus Ibukota Jakarta 10330","cafe, cemilan, meeting, lontong cap go meh, interior, roti bakar, oldies, selat solo, sarsaparilla, retro",https://www.google.com/maps/place/Kedai+Tjikini/data=!4m7!3m6!1s0x2e69f43f26ae2cb1:0x878580786581e971!8m2!3d-6.1877749!4d106.8368225!16s%2Fg%2F11h09v41y!19sChIJsSyuJj_0aS4RcemBZXiAhYc?authuser=0&hl=id&rclk=1,"outdoor, indoor, vintage, books cafe, meeting cafe, study cafe, smoking, nonsmoking, coffee, noncoffee",1,1,1,0,0,0,0,0,1,0,1,1,0,0,0,1,1,1,1,0
ChIJfYemRwX0aS4RdaYdCViX-5U,Hause Rooftop,"Kafe rooftop yang santai dengan area taman outdoor, serta pemandangan cakrawala Jakarta.",http://www.hausemade.com/,https://lh5.googleusercontent.com/p/AF1QipPZblLNhZtF-SvEr7CpZQmfowxnxTu-Txk3V4_o=w408-h299-k-no,Restoran,"Restoran, Bar, Kafe, Restoran Keluarga, Restoran Vegetarian",09.00-00.00,,(021) 29529852,"Hause Rooftop, Md Place, Jl. Setia Budi Selatan No.7, RT.5/RW.1, Kuningan, Setia Budi, Kecamatan Setiabudi, Kota Jakarta Selatan, Daerah Khusus Ibukota Jakarta 12910","cocktail, ambient, sore, romantis, meeting, tanaman, aglio olio, tinggi, nyaman, pencakar langit",https://www.google.com/maps/place/Hause+Rooftop/data=!4m7!3m6!1s0x2e69f40547a6877d:0x95fb9758091da675!8m2!3d-6.207872!4d106.828279!16s%2Fg%2F11bw4bjhy5!19sChIJfYemRwX0aS4RdaYdCViX-5U?authuser=0&hl=id&rclk=1,"outdoor, indoor, modern cafe, meeting cafe, study cafe, good views, family cafe, smoking, nonsmoking, coffee, noncoffee, garden cafe",1,1,0,0,0,1,0,0,0,0,1,1,1,1,0,1,1,1,1,1
ChIJ-WUWgGbxaS4RpyA6ZgEyvSQ,Kopi Kalyan,"Kedai keren untuk menikmati kreasi kopi, teh, camilan & makanan penutup di tempat elegan bergaya pedesaan.",http://www.kopikalyan.com/,https://lh5.googleusercontent.com/p/AF1QipMqhJOiEXELPoCzalMHm2xmLws4qbwSJNtnqYX5=w408-h306-k-no,Kedai Kopi,Kedai Kopi,06.00-22.00,,(021) 7223712,"Kopi Kalyan, Jl. Cikajang No.61, RT.1/RW.5, Petogogan, Kec. Kby. Baru, Kota Jakarta Selatan, Daerah Khusus Ibukota Jakarta 12170","smoking area, interior, konsep, valet, kebuli, juara, pisang goreng, bolu pandan, pameran",https://www.google.com/maps/place/Kopi+Kalyan/data=!4m7!3m6!1s0x2e69f166801665f9:0x24bd3201663a20a7!8m2!3d-6.2432855!4d106.8091556!16s%2Fg%2F11c1rtd6jh!19sChIJ-WUWgGbxaS4RpyA6ZgEyvSQ?authuser=0&hl=id&rclk=1,"outdoor, indoor, minimalis cafe, industrial cafe, meeting cafe, study cafe, smoking, nonsmoking, coffee, noncoffee",1,1,0,1,1,0,0,0,0,0,1,1,0,0,0,1,1,1,1,0
ChIJp0ZODSz1aS4RdTVv3fRpvPI,Langit Seduh Rooftop,Menu internasional eklektik disajikan di restoran rooftop kasual yang ramai berpanorama kota.,https://langitseduh.com/,https://lh5.googleusercontent.com/p/AF1QipNSuDfHghruy58cyRhy9bUC7VrIQFaGW9UgyK4S=w426-h240-k-no,Kafe,"Kafe, Restoran",17.00-23.30,,0811-1022-433,"Langit Seduh Rooftop, Jl. Taman Kebon Sirih 1 No.3, Kp. Bali, Kecamatan Tanah Abang, Kota Jakarta Pusat, Daerah Khusus Ibukota Jakarta 10250","hotel, foto, pemandangan, sandal jepit, tinggi, kolam renang, senja, langitnya, pacar, romantis",https://www.google.com/maps/place/Langit+Seduh+Rooftop/data=!4m7!3m6!1s0x2e69f52c0d4e46a7:0xf2bc69f4dd6f3575!8m2!3d-6.1835275!4d106.8206531!16s%2Fg%2F11gmggrq_8!19sChIJp0ZODSz1aS4RdTVv3fRpvPI?authuser=0&hl=id&rclk=1,"outdoor, modern cafe, good views, family cafe, smoking, coffee, noncoffee, garden cafe",1,0,0,0,0,1,0,0,0,0,0,0,1,1,0,1,0,1,1,1
ChIJy7e0JS_0aS4R95MRrols1bk,Saudagar Kopi Sabang,Kafe nyaman dengan interior santai yang menyajikan kopi premium & kuliner lokal populer.,http://www.saudagar-kopi.com/,https://lh3.googleusercontent.com/gps-proxy/AFm_dcSIR7o86r_HS_688HBgwdczPIrMe8ja_RlWdLWOrNx83eoKrsIJ7nwtxsBPDL1R-hSWwJeVRkh2Hs0vf24POeyhqSluh5mATpmcMds9B1QgdZ026rPdwhIwuYFHZSr261QjDLb5zdaS22L2aGcdLml-B6O1n5pD30nThfKAGX0svMdZAIkpMRHX=w408-h339-k-no,Kedai Kopi,"Kedai Kopi, Kafe",07.00-23.00,,(021) 3143270,"Saudagar Kopi Sabang, Jl. H. Agus Salim No.26F, RT.2/RW.1, Kb. Sirih, Kec. Menteng, Kota Jakarta Pusat, Daerah Khusus Ibukota Jakarta 10340","lantai, nasi goreng, rum, rawon, singkong, tempura, kue cubit, pisang, berat, teh tarik",https://www.google.com/maps/place/Saudagar+Kopi+Sabang/data=!4m7!3m6!1s0x2e69f42f25b4b7cb:0xb9d56c89ae1193f7!8m2!3d-6.1847025!4d106.8248598!16s%2Fg%2F1ygvswqs_!19sChIJy7e0JS_0aS4R95MRrols1bk?authuser=0&hl=id&rclk=1,"outdoor, indoor, vintage, minimalis cafe, study cafe, smoking, nonsmoking, coffee, noncoffee",1,1,1,1,0,0,0,0,0,0,0,1,0,0,0,1,1,1,1,0
ChIJf6MNsRj0aS4RDjI7MBqjIG4,"1/15 Coffee, Menteng",,http://www.1-15coffee.com/,https://lh5.googleusercontent.com/p/AF1QipNRLbKSq20m-gXN-3ctwhrObHjZy094AWPSvcmO=w424-h240-k-no,Kedai Kopi,"Kedai Kopi, Kafe",07.00-21.00,,0812-9000-2128,"1/15 Coffee, Menteng, Jl. Dr. Kusuma Atmaja No.79, RT.10/RW.4, Menteng, Kec. Menteng, Kota Jakarta Pusat, Daerah Khusus Ibukota Jakarta 10310","brunch, churros, pork, roti kaya bakar, derau, eggs benedict, pandan, valet, wajan penggorengan datar","https://www.google.com/maps/place/1%2F15+Coffee,+Menteng/data=!4m7!3m6!1s0x2e69f418b10da37f:0x6e20a31a303b320e!8m2!3d-6.1978752!4d106.8242366!16s%2Fg%2F11d_wx9jpd!19sChIJf6MNsRj0aS4RDjI7MBqjIG4?authuser=0&hl=id&rclk=1","outdoor, indoor, minimalis cafe, modern cafe, meeting cafe, study cafe, smoking, nonsmoking, coffee, noncoffee, garden cafe",1,1,0,1,0,1,0,0,0,0,1,1,0,0,0,1,1,1,1,1
ChIJ0aVF46v2aS4Rnh8lZ3d5tUQ,Goedkoop,"Menyediakan aneka jenis kopi, makanan dan cemilan khas Belanda. Ruangan yg luas dan tersedia wifi.",https://instagram.com/goedkoopjkt?igshid=YmMyMTA2M2Y=,https://lh5.googleusercontent.com/p/AF1QipPBxVKoRcgOJekpCL32bKHX5WH8l49jim2SP04m=w408-h306-k-no,Kedai Kopi,Kedai Kopi,09.00-22.00,,(021) 5734430,"Goedkoop, Jl. Bendungan Hilir No.62, RT.5/RW.1, Bend. Hilir, Kecamatan Tanah Abang, Kota Jakarta Pusat, Daerah Khusus Ibukota Jakarta 10210","poffertjes, piano, smoking room, bitterballen, steak, hidangan belanda, spaghetti, bon bon, main course, serai",https://www.google.com/maps/place/Goedkoop/data=!4m7!3m6!1s0x2e69f6abe345a5d1:0x44b5797767251f9e!8m2!3d-6.2128838!4d106.8127817!16s%2Fg%2F1yh5t8xyl!19sChIJ0aVF46v2aS4Rnh8lZ3d5tUQ?authuser=0&hl=id&rclk=1,"outdoor, indoor, vintage, meeting cafe, study cafe, family cafe, smoking, nonsmoking, coffee, noncoffee",1,1,1,0,0,0,0,0,0,0,1,1,0,1,0,1,1,1,1,0
ChIJZevTJgz1aS4RglNKF1FgdNA,Fami Cafe grand indonesia,,https://www.grand-indonesia.com/shopping-directory/famicafe/?location=famicafe,https://lh5.googleusercontent.com/p/AF1QipPdlm_hj3zFFsSffEZ6KmicdGQ7ARNPu8WYGllS=w408-h306-k-no,Kafe,Kafe,11.00-20.00,,0811-9770-0052,"RR39+WX3 Fami Cafe grand indonesia, Foodprint, grand Indonesia shopping Town fifth floor, Jl. M.H. Thamrin, Kebon Melati, Tanah Abang, Central Jakarta City, Jakarta 10230","harga, mall, keluarga, food court, cemilan, strategis, pelayanan, jual, santai, air mineral",https://www.google.com/maps/place/Fami+Cafe+grand+indonesia/data=!4m7!3m6!1s0x2e69f50c26d3eb65:0xd0746051174a5382!8m2!3d-6.1952393!4d106.819922!16s%2Fg%2F11jfch_bzq!19sChIJZevTJgz1aS4RglNKF1FgdNA?authuser=0&hl=id&rclk=1,"indoor, modern cafe, meeting cafe, study cafe, family cafe, nonsmoking, coffee, noncoffee",0,1,0,0,0,1,0,0,0,0,1,1,0,1,0,0,1,1,1,0
ChIJHxRrAlzxaS4ROnIj33hO9qc,Pison Coffee Jakarta,"Kafe kontemporer yang ramai dengan interior keren, camilan khas lokal, & menu brunch yang populer.",https://pisoncoffeejakarta.business.site/%3Futm_source%3Dgmb%26utm_medium%3Dreferral,https://lh5.googleusercontent.com/p/AF1QipOE5AG2V_FRB9MVrvjnYAYiBvAo6X9ax0phhpBQ=w426-h240-k-no,Kafe,"Kafe, Kedai Sarapan & Makan Siang, Kedai Kopi, Toko kopi, Restoran makan siang, Restoran",08.00-22.00,,(021) 27081698,"Pison Coffee Jakarta, Jl. Kertanegara Jl. Senopati No.70, Rw. Bar., Kec. Kby. Baru, Kota Jakarta Selatan, Daerah Khusus Ibukota Jakarta 12160","avocado, valet, fried rice, brunch, meeting, buntut sapi, salmon, pesto, long black",https://www.google.com/maps/place/Pison+Coffee+Jakarta/data=!4m7!3m6!1s0x2e69f15c026b141f:0xa7f64e78df23723a!8m2!3d-6.2336553!4d106.8118554!16s%2Fg%2F11dztjmf6w!19sChIJHxRrAlzxaS4ROnIj33hO9qc?authuser=0&hl=id&rclk=1,"outdoor, indoor, industrial cafe, modern cafe, meeting cafe, study cafe, smoking, nonsmoking, coffee, noncoffee",1,1,0,0,1,1,0,0,0,0,1,1,0,0,0,1,1,1,1,0
ChIJHcLzQRLxaS4Rmhp-mn31HRc,One Fifteenth Coffee,Menyediakan makanan ringan dan beragam pilihan kopi dari berbagai daerah dgn dekorasi yg bergaya industrial.,http://www.1-15coffee.com/,https://lh5.googleusercontent.com/p/AF1QipMqQw3S-VeaOKGE1nfWlxWk_-4EsVkO-6bz-aUe=w426-h240-k-no,Kedai Kopi,"Kedai Kopi, Kedai Sarapan, Kafe",07.00-21.00,,(021) 7225678,"One Fifteenth Coffee, Jl. Gandaria 1 No.63, RT.2/RW.3, Kramat Pela, Kec. Kby. Baru, Kota Jakarta Selatan, Daerah Khusus Ibukota Jakarta 12130","smoking area, babi, brunch, lantai, pandan, kopi asal tunggal, flat white, wajan penggorengan datar, eggs benedict, orak arik",https://www.google.com/maps/place/One+Fifteenth+Coffee/data=!4m7!3m6!1s0x2e69f11241f3c21d:0x171df57d9a7e1a9a!8m2!3d-6.2480978!4d106.7903864!16s%2Fg%2F119v8_btb!19sChIJHcLzQRLxaS4Rmhp-mn31HRc?authuser=0&hl=id&rclk=1,"outdoor, indoor, minimalis cafe, modern cafe, art cafe, books cafe, meeting cafe, study cafe, family cafe, smoking, nonsmoking, coffee, noncoffee",1,1,0,1,0,1,1,0,1,0,1,1,0,1,0,1,1,1,1,0
ChIJMZdo9l7xaS4RX260ajTz9-Q,Crematology,"Tempat nongkrong dengan dekor modern klasik yang menciptakan suasana nyaman, plus tempat duduk luar ruangan.",https://www.facebook.com/Crematology/,https://lh5.googleusercontent.com/p/AF1QipNcS2RCfqDf3XRxdWO-VOlkR8jh7zckgztHzOE4=w426-h240-k-no,Kedai Kopi,"Kedai Kopi, Kafe",08.00-23.00,,(021) 72780012,"Crematology, Jl. Suryo No.25, RT.3/RW.6, Rw. Bar., Kec. Kby. Baru, Kota Jakarta Selatan, Daerah Khusus Ibukota Jakarta 12180","meeting, waffle, interior, santai, valet, churros, smoking area, aglio olio, oreo, akses internet",https://www.google.com/maps/place/Crematology/data=!4m7!3m6!1s0x2e69f15ef6689731:0xe4f7f3346ab46e5f!8m2!3d-6.2353933!4d106.8138413!16s%2Fg%2F1yh9sqb9r!19sChIJMZdo9l7xaS4RX260ajTz9-Q?authuser=0&hl=id&rclk=1,"outdoor, indoor, minimalis cafe, modern cafe, meeting cafe, study cafe, family cafe, smoking, nonsmoking, coffee, noncoffee",1,1,0,1,0,1,0,0,0,0,1,1,0,1,0,1,1,1,1,0
ChIJJ0U1TiD0aS4RS43bPQZK6Dw,Djournal Coffee,,https://www.ismaya.com/djournal,https://lh5.googleusercontent.com/p/AF1QipOm82RMT6jR0fn-nozvm7KR8nf_I4ct2yShoSbe=w426-h240-k-no,Kafe,"Kafe, Kedai Kopi",09.00-22.00,,(021) 23581835,"Djournal Coffee, Grand Indonesia West Mall Ground Floor Lobby Pandawa, Jl M.H Thamrin No 1, Kebon Melati, Kb. Melati, Kecamatan Tanah Abang, Kota Jakarta Pusat, Daerah Khusus Ibukota Jakarta 10310","mall, smoking, meeting, caramel, colokan, chat, duduk, cawan, long black",https://www.google.com/maps/place/Djournal+Coffee/data=!4m7!3m6!1s0x2e69f4204e354527:0x3ce84a063ddb8d4b!8m2!3d-6.1948517!4d106.8203162!16s%2Fg%2F11b8zzjs7y!19sChIJJ0U1TiD0aS4RS43bPQZK6Dw?authuser=0&hl=id&rclk=1,"outdoor, indoor, minimalis cafe, modern cafe, meeting cafe, study cafe, family cafe, smoking, nonsmoking, coffee, noncoffee",1,1,0,1,0,1,0,0,0,0,1,1,0,1,0,1,1,1,1,0
ChIJ1V1pomv0aS4RuKukVVZqrI0,Starbucks,"Franchise kedai kopi dari Seattle yang terkenal dengan teknik penyeduhan kopinya yang khas, camilan & Wi-Fi.",http://www.starbucks.co.id/,https://lh3.googleusercontent.com/gps-proxy/AFm_dcQwQxMMH0viFGVsU7RyTgQ34V-en2UAVc3ndKjfzBs8kVNt5qE6zTglJBstQWMY1hdN2FFFGO8PHsf74lpPkykGXxvCxpfGN-36CI3yZBgL64NQV5a66tMIRuXYouOjEwBcA7hbsIBid7wUlamyS_lEPAWNBnbjUX9RNGt--qaFeL6uP93gkhnx=w408-h306-k-no,Kedai Kopi,"Kedai Kopi, Kedai Sarapan, Kafe",07.00-22.00,,(021) 3156458,"Starbucks, Jl. Pegangsaan Timur No.21, RT.1/RW.1, Pegangsaan, Kec. Menteng, Kota Jakarta Pusat, Daerah Khusus Ibukota Jakarta 10310","luas, strategis, gedung, duduk, meeting, film, smoking, outlet, klien, nyaman",https://www.google.com/maps/place/Starbucks/data=!4m7!3m6!1s0x2e69f46ba2695dd5:0x8dac6a5655a4abb8!8m2!3d-6.2003275!4d106.8434888!16s%2Fg%2F11b6nr1wv2!19sChIJ1V1pomv0aS4RuKukVVZqrI0?authuser=0&hl=id&rclk=1,"outdoor, indoor, modern cafe, meeting cafe, study cafe, family cafe, smoking, nonsmoking, coffee, noncoffee, garden cafe",1,1,0,0,0,1,0,0,0,0,1,1,0,1,0,1,1,1,1,1
ChIJWTAQFkf1aS4R5VdtGaOQ60s,Kawisari Cafe & Eatery,,http://kawisaricoffee.com/,https://lh5.googleusercontent.com/p/AF1QipN5whKivWgcr7vq7NmtqhXtf_OC_J7NaGMO4dbM=w408-h408-k-no,Kedai Kopi,Kedai Kopi,08.00-23.00,,0878-8319-5051,"Kawisari Cafe & Eatery, Jl. Kebon Sirih No.77A, RT.1/RW.1, Kb. Sirih, Kec. Menteng, Kota Jakarta Pusat, Daerah Khusus Ibukota Jakarta 10340","makanan indonesia, klepon, mendoan, serabi, perkebunan, rujak, kolonial, cascara, mie kangkung, tahu petis",https://www.google.com/maps/place/Kawisari+Cafe+%26+Eatery/data=!4m7!3m6!1s0x2e69f54716103059:0x4beb90a3196d57e5!8m2!3d-6.1833561!4d106.8252282!16s%2Fg%2F11frkvnm26!19sChIJWTAQFkf1aS4R5VdtGaOQ60s?authuser=0&hl=id&rclk=1,"outdoor, indoor, vintage, art cafe, meeting cafe, study cafe, family cafe, country food, smoking, nonsmoking, coffee, noncoffee",1,1,1,0,0,0,1,0,0,0,1,1,0,1,1,1,1,1,1,0
ChIJ-8lqzk3zaS4Rh2M9FQYV9e4,REN Coffee & Eatery,"Tempat nongkrong trendi dengan area duduk outdoor dan dekorasi Zen, serta susyi, ramen, dan camilan lainnya.",https://www.instagram.com/rencoffee.eatery/%3Fhl%3Did,https://lh5.googleusercontent.com/p/AF1QipNwLGpy8r1q_-SLz1iWOxyfiANMi-0iVd8j8tAB=w408-h272-k-no,Kafe,"Kafe, Toko kopi, Restoran",09.00-23.00,,0878-7751-0000,"REN Coffee & Eatery, Jl. Tebet Barat IX No.30, RT.5/RW.4, Tebet Bar., Kec. Tebet, Kota Jakarta Selatan, Daerah Khusus Ibukota Jakarta 12810","foto, estetik, ramen, sushi, smoking area, okonomiyaki, tax, kakek, katsu, butterscotch",https://www.google.com/maps/place/REN+Coffee+%26+Eatery/data=!4m7!3m6!1s0x2e69f34dce6ac9fb:0xeef51506153d6387!8m2!3d-6.2384338!4d106.8495547!16s%2Fg%2F11l4v6r0jg!19sChIJ-8lqzk3zaS4Rh2M9FQYV9e4?authuser=0&hl=id&rclk=1,"outdoor, indoor, minimalis cafe, industrial cafe, meeting cafe, study cafe, family cafe, country food, smoking, nonsmoking, coffee, noncoffee, garden cafe",1,1,0,1,1,0,0,0,0,0,1,1,0,1,1,1,1,1,1,1
ChIJVyllMOL1aS4R5fVisPHnq-M,Ombe Kofie Menteng,,https://www.instagram.com/ombekofie/%3Fhl%3Den,https://lh5.googleusercontent.com/p/AF1QipMBOq8U_NMY_r9FcdVlPExrlAaKf0ghwVvuOa0X=w408-h544-k-no,Kedai Kopi,Kedai Kopi,07.00-22.00,,0822-1000-6551,"Ombe Kofie Menteng, Jl. HOS. Cokroaminoto No.62A, RT.6/RW.4, Gondangdia, Kec. Menteng, Kota Jakarta Pusat, Daerah Khusus Ibukota Jakarta 10350","valet, bir, pelayannya, halal, meeting, ruang parkir, fried, pork belly, pork chop",https://www.google.com/maps/place/Omb%C3%A9+Kofie+Menteng/data=!4m7!3m6!1s0x2e69f5e230652957:0xe3abe7f1b062f5e5!8m2!3d-6.1939677!4d106.8285571!16s%2Fg%2F11kxkqw4yd!19sChIJVyllMOL1aS4R5fVisPHnq-M?authuser=0&hl=id&rclk=1,"outdoor, indoor, vintage, meeting cafe, study cafe, family cafe, smoking, nonsmoking, coffee, noncoffee, garden cafe",1,1,1,0,0,0,0,0,0,0,1,1,0,1,0,1,1,1,1,1
ChIJn29omlLxaS4R_jLgTKMrEAI,Cecemuwe Cafe and Space - Senayan,,https://www.cecemuwe.com/,https://lh5.googleusercontent.com/p/AF1QipPJGVLH1zh76NU2UBL4JCFW4GB5eW3zkM285GJC=w408-h408-k-no,Kafe,"Kafe, Kedai Kopi, Tempat Acara, Restoran",10.00-22.00,,0812-8338-8128,"Cecemuwe Cafe and Space - Senayan, Jl. Hang Jebat IX No.6, RT.8/RW.4, Gunung, Kebayoran Baru, South Jakarta City, Jakarta 12120","meeting, kerja, estetik, anjing, pet friendly, bisa, santai, lantai, nasi goreng, mushroom sauce",https://www.google.com/maps/place/Cecemuwe+Cafe+and+Space+-+Senayan/data=!4m7!3m6!1s0x2e69f1529a686f9f:0x2102ba34ce032fe!8m2!3d-6.2361351!4d106.7933281!16s%2Fg%2F11hz77m92t!19sChIJn29omlLxaS4R_jLgTKMrEAI?authuser=0&hl=id&rclk=1,"outdoor, indoor, minimalis cafe, modern cafe, pet cafe, meeting cafe, study cafe, good views, family cafe, smoking, nonsmoking, coffee, noncoffee, garden cafe",1,1,0,1,0,1,0,1,0,0,1,1,1,1,0,1,1,1,1,1
ChIJPyAcAqj2aS4RvmUSW1Spylw,KLTR Jakarta,Kedai kopi trendi dengan interior mewah yang menyajikan racikan premium dan hidangan mewah.,http://www.kltrcoffee.com/,https://lh5.googleusercontent.com/p/AF1QipMZeWJ2tKcVI7voxR1ugRA4PA-xIC3DthcIJfUm=w408-h305-k-no,Kedai Kopi,Kedai Kopi,08.00-22.00,,(021) 29023340,"KLTR Jakarta, Jl. K.H. Mas Mansyur No.12, RT.12/RW.11, Karet Tengsin, Tanah Abang, Central Jakarta City, Jakarta 10220","tiramisu, meeting, pork, brunch, interior, pasta, cocktail, nachos, ambient, smoked",https://www.google.com/maps/place/KLTR+Jakarta/data=!4m7!3m6!1s0x2e69f6a8021c203f:0x5ccaa9545b1265be!8m2!3d-6.2077019!4d106.8177914!16s%2Fg%2F11dyzk39l_!19sChIJPyAcAqj2aS4RvmUSW1Spylw?authuser=0&hl=id&rclk=1,"outdoor, indoor, vintage, industrial cafe, meeting cafe, study cafe, smoking, nonsmoking, coffee, noncoffee",1,1,1,0,1,0,0,0,0,0,1,1,0,0,0,1,1,1,1,0
ChIJx_DulDn0aS4Rz1M0qxD0HXc,Workroom Coffee,"Kreasi kopi, pastri & camilan kafe ditawarkan di kedai kopi elegan dengan kursi empuk.",http://instagram.com/workroomcoffee,https://lh5.googleusercontent.com/p/AF1QipPlcl-PA9KA5xHMyzP_8U-85q0IXdLulioGdJdd=w408-h272-k-no,Kedai Kopi,"Kedai Kopi, Kafe, Jasa Penyelenggaraan Rapat, Agen Persewaan Ruang Kantor",09.00-22.00,,0811-8124-908,"Workroom Coffee, Jl. Cikini Raya No.9, Menteng, RT.16/RW.1, Cikini, Kec. Menteng, Kota Jakarta Pusat, Daerah Khusus Ibukota Jakarta 10330","wifi, meeting, kerja, colokan, internet, kantor, smoking room, pinggir jalan, coworking space, keterampilan belajar",https://www.google.com/maps/place/Workroom+Coffee/data=!4m7!3m6!1s0x2e69f43994eef0c7:0x771df410ab3453cf!8m2!3d-6.1875999!4d106.8368011!16s%2Fg%2F11bw5znpd3!19sChIJx_DulDn0aS4Rz1M0qxD0HXc?authuser=0&hl=id&rclk=1,"indoor, minimalis cafe, modern cafe, meeting cafe, study cafe, smoking, nonsmoking, coffee, noncoffee",0,1,0,1,0,1,0,0,0,0,1,1,0,0,0,1,1,1,1,0
ChIJNVc1Tnj2aS4RJjDPK_m5LPc,Wake Cup Coffee Graha Harmoni,Kedai kopi & tempat kumpul mewah dengan furnitur elegan & menu lokal berkelas.,http://www.wakecupindonesia.com/,https://lh5.googleusercontent.com/p/AF1QipPifJ1h5zkFV5v9PTQDVz_7IxaEhuGTVWkLZwuC=w408-h725-k-no,Kafe,Kafe,08.00-21.00,,0877-8500-0033,"Wake Cup Coffee Graha Harmoni, Jl. Kaji No.40, RT.10/RW.7, Petojo Utara, Kecamatan Gambir, Kota Jakarta Pusat, Daerah Khusus Ibukota Jakarta 10130","mobil, meeting, lantai, tahu, smoking, AC, gula aren, standar, pop, photoshoot",https://www.google.com/maps/place/Wake+Cup+Coffee+Graha+Harmoni/data=!4m7!3m6!1s0x2e69f6784e355735:0xf72cb9f92bcf3026!8m2!3d-6.1684872!4d106.8153005!16s%2Fg%2F11ddzfm34l!19sChIJNVc1Tnj2aS4RJjDPK_m5LPc?authuser=0&hl=id&rclk=1,"outdoor, indoor, industrial cafe, art cafe, meeting cafe, study cafe, family cafe, smoking, nonsmoking, coffee, noncoffee, garden cafe",1,1,0,0,1,0,1,0,0,0,1,1,0,1,0,1,1,1,1,1
ChIJBWSyB_DxaS4RJ-Tmx2YgiWQ,Cafe Kitsune Jakarta,,https://www.maisonkitsune.com/mk/cafe-kitsune/,https://lh5.googleusercontent.com/p/AF1QipOIkkT8j96-l2GyOWrlWMM8xApUalDLUVKU6YMo=w426-h240-k-no,Kafe,Kafe,08.00-22.00,,0812-8006-1108,"Cafe Kitsune Jakarta, Ashta at District 8, GF 31& 31A SCBD LOT 28, Jl. Jend. sudirman kav 52-53, RT.8/RW.3, Senayan, Kec. Kby. Baru, Kota Jakarta Selatan, Daerah Khusus Ibukota Jakarta 12190","kitsune, pelayannya, matcha, smoking area, pesan, social distancing, gyudon, keik keju uncle tetsu, sofa, salmon",https://www.google.com/maps/place/Caf%C3%A9+Kitsun%C3%A9+Jakarta/data=!4m7!3m6!1s0x2e69f1f007b26405:0x64892066c7e6e427!8m2!3d-6.2289422!4d106.8067897!16s%2Fg%2F11mvxc8tjt!19sChIJBWSyB_DxaS4RJ-Tmx2YgiWQ?authuser=0&hl=id&rclk=1,"outdoor, indoor, modern cafe, meeting cafe, study cafe, family cafe, smoking, nonsmoking, coffee, noncoffee, garden cafe",1,1,0,0,0,1,0,0,0,0,1,1,0,1,1,1,1,1,1,1
ChIJAQAAADvxaS4RYy8Y43ojJmg,Cafe De Burse,Kafe bergaya Eropa yang menyediakan kuliner Barat dan menayangkan siaran langsung olahraga.,http://www.deburse.com/,https://lh5.googleusercontent.com/p/AF1QipPqUi0MfXDYnBsO7m_dDG8PceeFvrl0v8vd6X9t=w408-h306-k-no,Kafe,"Kafe, Pemasok makanan dan minuman katering, Bar Dengan Pentas Musik, Restoran",11.00-02.00,Minggu,(021) 29035451,"Cafe De Burse, Equity Tower Lower Ground Unit E - SCBD lot 9, Jl. Jenderal Sudirman Kavling No.52-53 5, RT.5/RW.3, 3, Senayan, Kota Jakarta Selatan, Daerah Khusus Ibukota Jakarta 12220","live music, tempat minum, band, cuci otak, malam, harga, meja, merokok, lunch, zomato",https://www.google.com/maps/place/Cafe+De+Burse/data=!4m7!3m6!1s0x2e69f13b00000001:0x6826237ae3182f63!8m2!3d-6.2263948!4d106.8087531!16s%2Fg%2F1tcwcdks!19sChIJAQAAADvxaS4RYy8Y43ojJmg?authuser=0&hl=id&rclk=1,"indoor, modern cafe, art cafe, country food, smoking, noncoffee",0,1,0,0,0,1,1,0,0,0,0,0,0,0,1,1,0,0,1,0
ChIJW_4bsXP0aS4RdvVxk8IA3vc,PERON SKYCAFE,,https://www.discoverasr.com/en/yello/indonesia/yello-hotel-manggarai-jakarta%3Futm_source%3Dgoogle%26utm_medium%3Dgmb%26utm_campaign%3D-google-gmb-alwayson-20220101-all-en-id-id-YMGR--%26utm_content%3D--,https://lh5.googleusercontent.com/p/AF1QipMoJqaKUbhhqsST0chygKgtvthojMqkBZV6dpaq=w408-h265-k-no,Kafe,"Kafe, Bar",17.00-23.30,,(021) 30428888,"PERON SKYCAFE, Yello Hotel, Jl. Minangkabau Timur No.9, RT.6/RW.8, Ps. Manggis, Kecamatan Setiabudi, Kota Jakarta Selatan, Daerah Khusus Ibukota Jakarta 12970","malam, sunset, hotel, pelayan, pesan, rooftop, angin, pencakar langit, pemandangan, struk",https://www.google.com/maps/place/PERON+SKYCAFE/data=!4m7!3m6!1s0x2e69f473b11bfe5b:0xf7de00c29371f576!8m2!3d-6.2106143!4d106.84537!16s%2Fg%2F11f3xq3wfn!19sChIJW_4bsXP0aS4RdvVxk8IA3vc?authuser=0&hl=id&rclk=1,"outdoor, minimalis cafe, industrial cafe, art cafe, meeting cafe, study cafe, good views, family cafe, smoking, coffee, noncoffee",1,0,0,1,1,0,1,0,0,0,1,1,1,1,0,1,0,1,1,0
ChIJnauaQJP1aS4RDsAu9OYNn-c,Romansa Jakarta,,http://romansajkt.id/,https://lh5.googleusercontent.com/p/AF1QipO9PEIXvrgqFIeZptKoj3YD380HCsowZ-kSi3HX=w408-h544-k-no,Kedai Kopi,"Kedai Kopi, Restoran",10.00-21.00,Minggu,0819-3399-9075,"Romansa Jakarta, Jl. H. Agus Salim No.18, RT.2/RW.1, Kb. Sirih, Kec. Menteng, Kota Jakarta Pusat, Daerah Khusus Ibukota Jakarta 10340","lantai, smoking, sambal matah, toilet, nasi goreng, romantis, lagu, pesan, moka pot, rice",https://www.google.com/maps/place/Romansa+Jakarta/data=!4m7!3m6!1s0x2e69f593409aab9d:0xe79f0de6f42ec00e!8m2!3d-6.1836552!4d106.8246528!16s%2Fg%2F11gzm9t0pk!19sChIJnauaQJP1aS4RDsAu9OYNn-c?authuser=0&hl=id&rclk=1,"indoor, vintage, minimalis cafe, art cafe, meeting cafe, study cafe, family cafe, smoking, nonsmoking, coffee, noncoffee",0,1,1,1,0,0,1,0,0,0,1,1,0,1,0,1,1,1,1,0
ChIJgw8nWvnxaS4RT17DoeMT93o,Little League Jakarta,,http://www.instagram.com/littleleaguejakarta,https://lh5.googleusercontent.com/p/AF1QipNVgvwd4q9jzpwe6wVIS5xn-R5nSarZBrduiu8f=w426-h240-k-no,Kafe,"Kafe, Bar, Toko kopi, Restoran",10.00-00.00,,(021) 7220912,"Little League Jakarta, Jl. Prof. Joko Sutono SH No.21, RT.14/RW.6, Petogogan, Kec. Kby. Baru, Kota Jakarta Selatan, Daerah Khusus Ibukota Jakarta 12160","harga, parkir, meeting, smoking area, interior, bir, mie, waitress, fried rice, santai",https://www.google.com/maps/place/Little+League+Jakarta/data=!4m7!3m6!1s0x2e69f1f95a270f83:0x7af713e3a1c35e4f!8m2!3d-6.242916!4d106.808138!16s%2Fg%2F11h648p5pk!19sChIJgw8nWvnxaS4RT17DoeMT93o?authuser=0&hl=id&rclk=1,"outdoor, indoor, vintage, industrial cafe, art cafe, meeting cafe, study cafe, family cafe, smoking, nonsmoking, coffee, noncoffee, garden cafe",1,1,1,0,1,0,1,0,0,0,1,1,0,1,0,1,1,1,1,1
ChIJT5y3Kan2aS4RAOEQECMXGX8,KEN ALIY COFFEE - KOPI ENAK SPACES,"Kreasi kopi, pastri, dan menu camilan kafe disajikan di tempat nyaman dengan beberapa meja outdoor.",http://m.tokopedia.com/kenaliycoffee,https://lh5.googleusercontent.com/p/AF1QipPV9Qz2WHhbb6hAc2xYr-izKk_E9NJ-FYGAzTg=w426-h240-k-no,Kedai Kopi,"Kedai Kopi, Kafe",06.00-22.00,,0811-1900-116,"KEN ALIY COFFEE - KOPI ENAK SPACES, Jl. Bend. Hilir Gg. 3 No.11, RT.10/RW.1, Bendungan Hilir, Tanah Abang, Central Jakarta City, Jakarta 10210","harga, parkir, duduk, barista, snack, wifi, mie, espresso, colokan, motor",https://www.google.com/maps/place/KEN+ALIY+COFFEE+-+KOPI+ENAK+SPACES/data=!4m7!3m6!1s0x2e69f6a929b79c4f:0x7f1917231010e100!8m2!3d-6.2144242!4d106.8133304!16s%2Fg%2F11f275lvd6!19sChIJT5y3Kan2aS4RAOEQECMXGX8?authuser=0&hl=id&rclk=1,"outdoor, indoor, minimalis cafe, study cafe, smoking, nonsmoking, coffee, noncoffee, garden cafe",1,1,0,1,0,0,0,0,0,0,0,1,0,0,0,1,1,1,1,1
ChIJiRm_8wz3aS4RY177Lp0wIQI,ou tu cafe,,https://www.outu.co.id/,https://lh5.googleusercontent.com/p/AF1QipNSNk0szSzhLR7bTsAlGGP_kwK8Uatj3tH1dEXk=w408-h408-k-no,Kafe,Kafe,08.00-21.00,,(021) 5600911,"ou tu cafe, Jl. Tanjung Duren Utara 8 No.886, Tj. Duren Utara, Kec. Grogol petamburan, Jakarta, Daerah Khusus Ibukota Jakarta 11470","perumahan, lontong sayur, bakmi, orang, sagu, colokan, pempek, gunting, mie, bowl",https://www.google.com/maps/place/o%C5%AB+tu+cafe/data=!4m7!3m6!1s0x2e69f70cf3bf1989:0x221309d2efb5e63!8m2!3d-6.1704273!4d106.7802753!16s%2Fg%2F11gy9m8skz!19sChIJiRm_8wz3aS4RY177Lp0wIQI?authuser=0&hl=id&rclk=1,"outdoor, indoor, minimalis cafe, modern cafe, meeting cafe, study cafe, family cafe, smoking, nonsmoking, coffee, noncoffee, garden cafe",1,1,0,1,0,1,0,0,0,0,1,1,0,1,0,1,1,1,1,1
ChIJfSWhHbD2aS4RSlEjjjW7Jvc,Upstairs Rooftop Cafe,"Rooftop sejuk yang rimbun dengan pemandangan kota, menyajikan kuliner Barat, bir, dan kopi hingga larut malam.",https://www.zomato.com/jakarta/upstairs-rooftop-cafe-bendungan-hilir,https://lh5.googleusercontent.com/p/AF1QipMpnmezPUFrPWt_r-TKyyj5hMhvbO9gDBEid_ps=w408-h725-k-no,Kafe,"Kafe, Restoran",07.00-23.30,,(021) 29889722,"Upstairs Rooftop Cafe, Jl. Danau Limboto No.45, RT.5/RW.4, Bend. Hilir, Kecamatan Tanah Abang, Kota Jakarta Pusat, Daerah Khusus Ibukota Jakarta 10210","hotel, malam, lantai, pelayanan, dinner, toilet, pemandangan, makanan dan minuman, panas, orang",https://www.google.com/maps/place/Upstairs+Rooftop+Cafe/data=!4m7!3m6!1s0x2e69f6b01da1257d:0xf726bb358e23514a!8m2!3d-6.2085574!4d106.8058476!16s%2Fg%2F11g9k1c_21!19sChIJfSWhHbD2aS4RSlEjjjW7Jvc?authuser=0&hl=id&rclk=1,"outdoor, indoor, modern cafe, good views, smoking, nonsmoking, coffee, noncoffee",1,1,0,0,0,1,0,0,0,0,0,0,1,0,0,1,1,1,1,0
ChIJe0AHSNT1aS4Ra_RDoELknFw,Diskusi Kopi & Ruang Berbagi Kawi,,http://www.diskusikopi.com/,https://lh5.googleusercontent.com/p/AF1QipMCimaWXwboM7xkqlUdPrD2oRt3FBmmxOs2mRTq=w408-h544-k-no,Kafe,Kafe,09.00-21.00,,(021) 28542399,"Diskusi Kopi & Ruang Berbagi Kawi, Jl. Kawi Raya No.18, RT.6/RW.2, Guntur, Kecamatan Setiabudi, Kota Jakarta Selatan, Daerah Khusus Ibukota Jakarta 12980","harga, parkir, luas, pesan, latte, motor, kerja, ruangan, wifi, nasi goreng",https://www.google.com/maps/place/Diskusi+Kopi+%26+Ruang+Berbagi+Kawi/data=!4m7!3m6!1s0x2e69f5d44807407b:0x5c9ce442a043f46b!8m2!3d-6.2103916!4d106.8343277!16s%2Fg%2F11jcm9dpz0!19sChIJe0AHSNT1aS4Ra_RDoELknFw?authuser=0&hl=id&rclk=1,"outdoor, indoor, modern cafe, meeting cafe, study cafe, smoking, nonsmoking, coffee, noncoffee, garden cafe",1,1,0,0,0,1,0,0,0,0,1,1,0,0,0,1,1,1,1,1
ChIJG3_xiybyaS4RQ1Dv5Vaq2uI,BONCAFE INDONESIA,Menyajikan aneka jenis kopi dan makanan kecil dgn ruangan indoor dan outdoor yg luas. Tersedia wifi.,http://www.boncafeindonesia.com/,https://lh5.googleusercontent.com/p/AF1QipNwVAE-f-rlhpN9EXwcPOs7W0WuP4tcm4rBPikO=w426-h240-k-no,Pemasok mesin kopi,"Pemasok mesin kopi, Kafe, Kedai Kopi",09.00-17.00,"Sabtu, Minggu",(021) 7502025,"BONCAFE INDONESIA, Jl. RS. Fatmawati Raya No.15A, RT.1/RW.3, Gandaria Sel., Kec. Cilandak, Kota Jakarta Selatan, Daerah Khusus Ibukota Jakarta 12420","anjing bisa berenang, space, halaman belakang, atmosphere, biji kopi, sandwich, peliharaan, barista, rasa, bakar",https://www.google.com/maps/place/BONCAFE+INDONESIA/data=!4m7!3m6!1s0x2e69f2268bf17f1b:0xe2daaa56e5ef5043!8m2!3d-6.2686002!4d106.7969978!16s%2Fg%2F1w0dk9sf!19sChIJG3_xiybyaS4RQ1Dv5Vaq2uI?authuser=0&hl=id&rclk=1,"indoor, minimalis cafe, modern cafe, meeting cafe, study cafe, nonsmoking, coffee, garden cafe",0,1,0,1,0,1,0,0,0,0,1,1,0,0,0,0,1,1,0,1
ChIJwUYPPlDxaS4RQfXf5-zv3Mg,Blumchen Coffee,Menawarkan aneka minuman kopi yg terbuat dari biji kopi pilihan dari berbagai daerah. Tersedia kopi luwak.,http://blumchencoffee.com/,https://lh5.googleusercontent.com/p/AF1QipODfi-afKm7uJXtz-fZuzCeXM1gEAuytAUDmHNX=w408-h306-k-no,Kedai Kopi,Kedai Kopi,07.00-19.00,,0811-1511-901,"Blumchen Coffee, Fairground SCBD Lot 14, Jl. Jend. Sudirman kav 52-53 No.Kav 52-53, RT.5/RW.3, Senayan, Kec. Kby. Baru, Kota Jakarta Selatan, Daerah Khusus Ibukota Jakarta 12190","interior, croissant, toilet, meeting, atmosphere, cappucino, chat, music, latte, harga",https://www.google.com/maps/place/Blumchen+Coffee/data=!4m7!3m6!1s0x2e69f1503e0f46c1:0xc8dcefece7dff541!8m2!3d-6.2265937!4d106.807142!16s%2Fg%2F1hhjxkdk2!19sChIJwUYPPlDxaS4RQfXf5-zv3Mg?authuser=0&hl=id&rclk=1,"indoor, vintage, art cafe, meeting cafe, family cafe, nonsmoking, coffee, noncoffee",0,1,1,0,0,0,1,0,0,0,1,0,0,1,0,0,1,1,1,0
ChIJURGjzivyaS4ROAwJ5HY-wZA,Antipodean Coffee,Menyediakan variasi kopi dan hidangan makanan ala Barat. Cocok untuk tempat sarapan dan tersedia wifi.,http://www.antipodeancoffee.com/,https://lh5.googleusercontent.com/p/AF1QipNYH9T7i5_whU2QGCdSae4RT_xsh8qDD1QgCqeP=w408-h270-k-no,Kafe,"Kafe, Kedai Sarapan, Restoran makan siang",08.00-20.00,,(021) 7192364,"Antipodean Coffee, komplek hero kemang, Jl. Kemang Selatan I, RT.8/RW.3, Bangka, Kec. Mampang Prpt., Daerah Khusus Ibukota Jakarta 12730","brunch, jus, harga, salad, latte, orak arik, bacon, smoothies, kue wortel, pelayan",https://www.google.com/maps/place/Antipodean+Coffee/data=!4m7!3m6!1s0x2e69f22bcea31151:0x90c13e76e4090c38!8m2!3d-6.265255!4d106.8204611!16s%2Fg%2F11g_f_yby!19sChIJURGjzivyaS4ROAwJ5HY-wZA?authuser=0&hl=id&rclk=1,"indoor, modern cafe, meeting cafe, family cafe, nonsmoking, coffee",0,1,0,0,0,1,0,0,0,0,1,0,0,1,0,0,1,1,0,0
ChIJGVSN3fnzaS4R3w9qNDpIbjs,Sky Garden Cafe,Kafe trendi & kontemporer yang menawarkan pilihan menu Barat & Indonesia.,https://www.skygardencafe.com/,https://lh5.googleusercontent.com/p/AF1QipOThsph4OvuSWdguFIzGoeo8TDiO2PCrl6WDN8Q=w408-h306-k-no,Kafe,"Kafe, Restoran",11.00-23.00,,(021) 5201642,"Sky Garden Cafe, Hotel Rasuna Icon Lt. 3A, Jalan Karet Pedurenan No.3, Setiabudi, RT.6/RW.7, Kuningan, Karet Kuningan, Kecamatan Setiabudi, Kota Jakarta Selatan, Daerah Khusus Ibukota Jakarta 12940","harga, pelayanan, malam, keluarga, sore, luas, hotel, santai, strategis, pasangan",https://www.google.com/maps/place/Sky+Garden+Cafe/data=!4m7!3m6!1s0x2e69f3f9dd8d5419:0x3b6e483a346a0fdf!8m2!3d-6.220918!4d106.829175!16s%2Fg%2F1pp2w_327!19sChIJGVSN3fnzaS4R3w9qNDpIbjs?authuser=0&hl=id&rclk=1,"outdoor, indoor, minimalis cafe, modern cafe, good views, smoking, nonsmoking, coffee, noncoffee, garden cafe",1,1,0,1,0,1,0,0,0,0,0,0,1,0,0,1,1,1,1,1
ChIJW_4P3yfzaS4RgPMpfYJEilQ,The People's Cafe Rajawali,,https://www.ismaya.com/eat-drink/the-peoples-cafe,https://lh5.googleusercontent.com/p/AF1QipOWE1Cr7hnDoxR11feYDkdMFyoOSjbKQlnhmW3j=w408-h306-k-no,Kafe,"Kafe, Restoran",09.00-22.00,Minggu,(021) 57950583,"The People's Cafe Rajawali, Menara Rajawali - Ground Floor, Jl. DR. Ide Anak Agung Gde Agung No.5, RT.5/RW.2, Kuningan, Kuningan Tim., Kecamatan Setiabudi, Kota Jakarta Selatan, Daerah Khusus Ibukota Jakarta 12950","lunch, harga, kantor, smoking, waitress, driver, santai, meeting, pelayanan, goreng",https://www.google.com/maps/place/The+People%27s+Cafe+Rajawali/data=!4m7!3m6!1s0x2e69f327df0ffe5b:0x548a44827d29f380!8m2!3d-6.2269233!4d106.826214!16s%2Fg%2F11h5rd5rp7!19sChIJW_4P3yfzaS4RgPMpfYJEilQ?authuser=0&hl=id&rclk=1,"indoor, minimalis cafe, modern cafe, art cafe, pet cafe, meeting cafe, study cafe, smoking, nonsmoking, coffee, noncoffee",0,1,0,1,0,1,0,0,0,0,1,1,0,0,0,1,1,1,1,0
ChIJ_2OANZjxaS4RFaJTQ2w8njs,Kopi Cat Cafe by Groovy - Kemang,,http://bit.ly/KopiCatCafe,https://lh5.googleusercontent.com/p/AF1QipOAO8Z33eVB_cM3pWkdcfdysTSFBSRYt1iWLB-5=w408-h306-k-no,Kafe,"Kafe, Kedai Kopi",09.00-21.00,,0811-1000-8809,"Kopi Cat Cafe by Groovy - Kemang, Jl. Kemang Selatan VIII No.63A-B, RT.7/RW.2, Bangka, Kec. Mampang Prpt., Kota Jakarta Selatan, Daerah Khusus Ibukota Jakarta 12730","kucing, bermain, sehat, anak, biaya, orang, ras, parkiran, bau, ruangan",https://www.google.com/maps/place/Kopi+Cat+Cafe+by+Groovy+-+Kemang/data=!4m7!3m6!1s0x2e69f198358063ff:0x3b9e3c6c4353a215!8m2!3d-6.2672572!4d106.8143343!16s%2Fg%2F11f7dt3_nv!19sChIJ_2OANZjxaS4RFaJTQ2w8njs?authuser=0&hl=id&rclk=1,"indoor, pet cafe, family cafe, nonsmoking, coffee, noncoffee",0,1,0,0,0,0,0,1,0,0,0,0,0,1,0,0,1,1,1,0
ChIJgw-JUYjxaS4RrEbIUDPCWbQ,MOREAU Chocolatier's Cafe,"Tempat modern & trendi untuk pastri cokelat mewah, es krim & makanan penutup premium.",https://gofood.link/u/zyO5j,https://lh5.googleusercontent.com/p/AF1QipMyorpKUquqsuGgw5m5nWK1xu951U3XNSJO_uTd=w408-h272-k-no,Kafe,"Kafe, Kafe Coklat",11.00-22.00,,(021) 7193638,"MOREAU Chocolatier's Cafe, 13, Jl. Kemang Raya No.31, RT.13/RW.1, Bangka, Kec. Mampang Prpt., Kota Jakarta Selatan, Daerah Khusus Ibukota Jakarta 12720","waffle, harga, crepes, manis, creamnya, brownies, waiters, fondant",https://www.google.com/maps/place/MOREAU+Chocolatier%27s+Cafe/data=!4m7!3m6!1s0x2e69f18851890f83:0xb459c23350c846ac!8m2!3d-6.2552526!4d106.8141637!16s%2Fg%2F11c31w_6l1!19sChIJgw-JUYjxaS4RrEbIUDPCWbQ?authuser=0&hl=id&rclk=1,"indoor, minimalis cafe, modern cafe, meeting cafe, study cafe, smoking, nonsmoking, noncoffee",0,1,0,1,0,1,0,0,0,0,1,1,0,0,0,1,1,0,1,0
ChIJyxJ9-5r3aS4Rju8Hgurw9ss,Atap Rumah Cafe,,https://atap-rumah-cafe.business.site/,https://lh5.googleusercontent.com/p/AF1QipM8AfeJD1MjknIuvMQrwkQkTLzbu-oE0yebSCpk=w426-h240-k-no,Kafe,Kafe,09.00-22.00,,(021) 25981666,"Atap Rumah Cafe, Jl. Penjernihan IV No.9, RT.4/RW.5, Bend. Hilir, Kecamatan Tanah Abang, Kota Jakarta Pusat, Daerah Khusus Ibukota Jakarta 10210","harga, rooftop, lantai, parkir, malam, orang, pemandangan, hotel, panas, latte",https://www.google.com/maps/place/Atap+Rumah+Cafe/data=!4m7!3m6!1s0x2e69f79afb7d12cb:0xcbf6f0ea8207ef8e!8m2!3d-6.2063255!4d106.804133!16s%2Fg%2F11fhrz2lrp!19sChIJyxJ9-5r3aS4Rju8Hgurw9ss?authuser=0&hl=id&rclk=1,"outdoor, indoor, minimalis cafe, good views, family cafe, smoking, nonsmoking, coffee, noncoffee, garden cafe",1,1,0,1,0,1,0,0,0,0,0,0,1,1,0,1,1,1,1,1
ChIJ09d8yrLzaS4RJSpBe3soAK8,MUG Coffee Kalibata,,http://www.mugjkt.com/,https://lh5.googleusercontent.com/p/AF1QipNrPo4plHQbbBPAc63pYZTrRcvfs1_EQ-kNVcCw=w408-h306-k-no,Kedai Kopi,"Kedai Kopi, Kafe, Restoran",Buka 24 jam,,0858-1988-0593,"MUG Coffee Kalibata, Jl. Kalibata Raya No.1 Kalibata City Apartment Tower Kemuning GF AT-K CT K9-10, RT.9/RW.4, Rawajati, Kec. Pancoran, Kota Jakarta Selatan, Daerah Khusus Ibukota Jakarta 12750","harga, malam, santai, meja",https://www.google.com/maps/place/MUG+Coffee+Kalibata/data=!4m7!3m6!1s0x2e69f3b2ca7cd7d3:0xaf00287b7b412a25!8m2!3d-6.2566014!4d106.8516119!16s%2Fg%2F1yfjv7nfy!19sChIJ09d8yrLzaS4RJSpBe3soAK8?authuser=0&hl=id&rclk=1,"indoor, vintage, art cafe, 24 hours cafe, meeting cafe, study cafe, nonsmoking, coffee, noncoffee",0,1,1,0,0,0,1,0,0,1,1,1,0,0,0,0,1,1,1,0
ChIJ0wJppUjxaS4RowZMZwNYaqY,Chill In Cafe,"Tempat makan mewah dengan ruang makan luas yang menawarkan koktail, kopi, dan sajian pembuka lokal kelas atas.",https://chill-in-cafe.business.site/,https://lh5.googleusercontent.com/p/AF1QipNfYvWwpgJAcy0m9XDiJfj2r1x30-eL_KXn8ege=w426-h240-k-no,Kafe,"Kafe, Kedai Kopi, Restoran",06.00-21.00,,(021) 57936128,"Chill In Cafe, STC Senayan Lantai G #129, Jalan Asia Afrika, RT.1/RW.3, Gelora, Jakarta Pusat, Kota Jakarta Pusat, Daerah Khusus Ibukota Jakarta 10270","meeting, harga, makan siang, pelayanan, nasi goreng, hotel, senayan city, pesan, smoking, strategis",https://www.google.com/maps/place/Chill+In+Cafe/data=!4m7!3m6!1s0x2e69f148a56902d3:0xa66a5803674c06a3!8m2!3d-6.2280351!4d106.7985395!16s%2Fg%2F11b6d5cxsb!19sChIJ0wJppUjxaS4RowZMZwNYaqY?authuser=0&hl=id&rclk=1,"outdoor, indoor, minimalis cafe, modern cafe, meeting cafe, family cafe, smoking, nonsmoking, coffee, noncoffee",1,1,0,1,0,1,0,0,0,0,1,0,0,1,0,1,1,1,1,0
ChIJpfTkUJjzaS4RmNzWVlzVBjI,Fore coffee - Gama tower,,https://fore.coffee/store/,https://lh5.googleusercontent.com/p/AF1QipP6n8RDvQD0RhTsKvgVthGv4cc3OwV3NRQrrPI=w408-h544-k-no,Kedai Kopi,"Kedai Kopi, Kafe",08.00-18.00,Minggu,,"Fore coffee - Gama tower, Jl. H. R. Rasuna Said No.22, RT.2/RW.5, Karet Kuningan, Setiabudi, South Jakarta City, Jakarta 12940","baristanya, karyawan, pelayanan, pesan, antrian, kantor, sandwich, latte, harga",https://www.google.com/maps/place/Fore+coffee+-+Gama+tower/data=!4m7!3m6!1s0x2e69f39850e4f4a5:0x3206d55c56d6dc98!8m2!3d-6.2243006!4d106.8336715!16s%2Fg%2F11h7rkknm0!19sChIJpfTkUJjzaS4RmNzWVlzVBjI?authuser=0&hl=id&rclk=1,"indoor, minimalis cafe, modern cafe, meeting cafe, study cafe, nonsmoking, coffee, noncoffee",0,1,0,1,0,1,0,0,0,0,1,1,0,0,0,0,1,1,1,0
ChIJ-8eV1_bzaS4RGcv6l8kxBsE,Super Cup Coffee Shop,,http://dimsuminc.id/,https://lh5.googleusercontent.com/p/AF1QipPnRLIOY0tSqIowkY83ZcpSzPz69unEWQ_-CPKf=w408-h306-k-no,Kedai Kopi,Kedai Kopi,08.00-20.00,,(021) 29322112,"Super Cup Coffee Shop, Jalan H R Rasuna Said Plaza Festival Lantai GF Kav C 22, RT.2/RW.5, Kuningan, Karet Kuningan, Kecamatan Setiabudi, Kota Jakarta Selatan, Daerah Khusus Ibukota Jakarta 12940",dimsum,https://www.google.com/maps/place/Super+Cup+Coffee+Shop/data=!4m7!3m6!1s0x2e69f3f6d795c7fb:0xc10631c997facb19!8m2!3d-6.2217019!4d106.8329!16s%2Fg%2F1yfdpf4dy!19sChIJ-8eV1_bzaS4RGcv6l8kxBsE?authuser=0&hl=id&rclk=1,"outdoor, indoor, industrial cafe, family cafe, smoking, nonsmoking, coffee, noncoffee",1,1,0,0,1,0,0,0,0,0,0,0,0,1,0,1,1,1,1,0
ChIJL_hVP5TzaS4R7xRcTWCjvQY,Pribadi Cafe by Pribadi Group,,https://desty.page/pribadimenu,https://lh5.googleusercontent.com/p/AF1QipMLZvSPDTDMB7jvbARusyvF_czGJtTJu50OttXC=w408-h306-k-no,Kedai Kopi,Kedai Kopi,10.00-22.00,Minggu,0813-1115-4827,"Pribadi Cafe by Pribadi Group, Jl. Dukuh Patra V No.90, Menteng Dalam, Tebet, South Jakarta City, Jakarta 12870","pantai, harga, pizza, music, pesan, toilet, malam, sore, pelayan, luas",https://www.google.com/maps/place/Pribadi+Cafe+by+Pribadi+Group/data=!4m7!3m6!1s0x2e69f3943f55f82f:0x6bda3604d5c14ef!8m2!3d-6.237315!4d106.8395232!16s%2Fg%2F11rs9k42dg!19sChIJL_hVP5TzaS4R7xRcTWCjvQY?authuser=0&hl=id&rclk=1,"outdoor, minimalis cafe, meeting cafe, family cafe, smoking, coffee, noncoffee",1,0,0,1,0,0,0,0,0,0,1,0,0,1,0,1,0,1,1,0
ChIJqT4xjkz2aS4Rchw7cwhotAk,EVLOGIA CAFE & CO,,http://instagram.com/hello.evlogia,https://lh5.googleusercontent.com/p/AF1QipMWgKXvWii9WSIJL_WRqPhh4Vw0qS9Ynex43AuG=w408-h544-k-no,Kafe,"Kafe, Kedai Kopi",08.00-21.00,,0896-0101-4454,"EVLOGIA CAFE & CO, Jl. Cisanggiri I No.6, Petogogan, Kebayoran Baru, Jakarta, 12170","barista, cappuccino, manis, harga, toilet, sore, mozzarella, nutella, jujur, goreng",https://www.google.com/maps/place/EVLOGIA+CAFE+%26+CO/data=!4m7!3m6!1s0x2e69f64c8e313ea9:0x9b46808733b1c72!8m2!3d-6.240026!4d106.8114518!16s%2Fg%2F11dxdp3999!19sChIJqT4xjkz2aS4Rchw7cwhotAk?authuser=0&hl=id&rclk=1,"outdoor, indoor, minimalis cafe, modern cafe, meeting cafe, study cafe, smoking, nonsmoking, coffee, noncoffee",1,1,0,1,0,1,0,0,0,0,1,1,0,0,0,1,1,1,1,0
ChIJ801wIyb0aS4RLceC1-Ez7HY,127 Cafe - Kosenda Hotel,Kafe & kedai kopi menawan di Kosenda Hotel dengan interior trendi & menu lokal berkelas.,https://www.kosendahotel.com/,https://lh5.googleusercontent.com/p/AF1QipNbpQR6qrNkqTeyM_aImLT1ZuTeiKi-13Z1l7Kl=w408-h306-k-no,Kafe,"Kafe, Kedai Kopi",07.00-22.00,,(021) 31922988,"127 Cafe - Kosenda Hotel, Jl. K.H. Wahid Hasyim No.127, Kb. Kacang, Kecamatan Tanah Abang, Kota Jakarta Pusat, Daerah Khusus Ibukota Jakarta 10240","harga, lingkungan, laksa, sofa, buku",https://www.google.com/maps/place/127+Cafe+-+Kosenda+Hotel/data=!4m7!3m6!1s0x2e69f42623704df3:0x76ec33e1d782c72d!8m2!3d-6.1873263!4d106.8217339!16s%2Fg%2F1yh5t8y5p!19sChIJ801wIyb0aS4RLceC1-Ez7HY?authuser=0&hl=id&rclk=1,"indoor, vintage, modern cafe, books cafe, meeting cafe, study cafe, nonsmoking, coffee, noncoffee, garden cafe",0,1,1,0,0,1,0,0,1,0,1,1,0,0,0,0,1,1,1,1
ChIJ1_Zg-yPzaS4RIwjcrpDXCxA,Djournal Coffee - Kuningan City,,https://www.ismaya.com/eat-drink/djournal,https://lh5.googleusercontent.com/p/AF1QipPhEqr4y8kraaEA39qRjYvR1Nl81_rBCccHwBy3=w408-h306-k-no,Kedai Kopi,"Kedai Kopi, Mesin Sangrai Kopi",09.00-22.00,,(021) 50116022,"Djournal Coffee - Kuningan City, Kuningan City (Nature Lobby Ground Floor unit GF, Jl. Prof. DR. Satrio No.18, RT.14/RW.4, Kuningan, Karet Kuningan, Kecamatan Setiabudi, Jakarta, Daerah Khusus Ibukota Jakarta 12940","barista, meja, mall, pesan, meeting, harga, pelayan, visa, smoking, training",https://www.google.com/maps/place/Djournal+Coffee+-+Kuningan+City/data=!4m7!3m6!1s0x2e69f323fb60f6d7:0x100bd790aedc0823!8m2!3d-6.2248005!4d106.829278!16s%2Fg%2F11fn42l2gp!19sChIJ1_Zg-yPzaS4RIwjcrpDXCxA?authuser=0&hl=id&rclk=1,"indoor, modern cafe, meeting cafe, study cafe, smoking, nonsmoking, coffee, noncoffee",0,1,0,0,0,1,0,0,0,0,1,1,0,0,0,1,1,1,1,0
ChIJ5264kWf1aS4R9ED7F-k4SFI,1947 Cafe Jakarta,,https://instagram.com/1947.cafe%3Futm_medium%3Dcopy_link,https://lh5.googleusercontent.com/p/AF1QipNsje7vN8awbzF3QMrCO2H_uPdUl35lnpIccI48=w408-h306-k-no,Kedai Kopi,Kedai Kopi,10.00-02.00,,,"1947 Cafe Jakarta, Jl. Pramuka No.19B, RT.6/RW.1, Palmeriam, Kec. Matraman, Kota Jakarta Timur, Daerah Khusus Ibukota Jakarta 13140",,https://www.google.com/maps/place/1947+Cafe+Jakarta/data=!4m7!3m6!1s0x2e69f56791b86ee7:0x524838e917fb40f4!8m2!3d-6.1982903!4d106.8558076!16s%2Fg%2F11qqp8clyg!19sChIJ5264kWf1aS4R9ED7F-k4SFI?authuser=0&hl=id&rclk=1,"indoor, industrial cafe, nonsmoking, coffee, noncoffee",0,1,0,0,1,0,0,0,0,0,0,0,0,0,0,0,1,1,1,0
ChIJB69uV3v1aS4Ra5IjAWeQWu4,"Fore Coffee - Cikini, Jakarta",,http://fore.coffee/,https://lh5.googleusercontent.com/p/AF1QipPCOYXzWZLWbkZP18_Zu-VTVh-ZHOuMDf338x5n=w408-h544-k-no,Kafe,Kafe,07.00-21.30,,0887-0773-2647,"Fore Coffee - Cikini, Jakarta, Jl. Cikini Raya No.75, RT.1/RW.2, Cikini, Menteng, Central Jakarta City, Jakarta 10330","pelayanan, karyawan, latte, aplikasi, smoking, luas, butterscotch, kolam renang, lama, panas","https://www.google.com/maps/place/Fore+Coffee+-+Cikini,+Jakarta/data=!4m7!3m6!1s0x2e69f57b576eaf07:0xee5a90670123926b!8m2!3d-6.19144!4d106.8386717!16s%2Fg%2F11t8lqjrhv!19sChIJB69uV3v1aS4Ra5IjAWeQWu4?authuser=0&hl=id&rclk=1","outdoor, indoor, minimalis cafe, modern cafe, meeting cafe, study cafe, good views, family cafe, smoking, nonsmoking, coffee, noncoffee, garden cafe",1,1,0,1,0,1,0,0,0,0,1,1,1,1,0,1,1,1,1,1
ChIJp8qLSgD0aS4RgRrAqtNTu7I,The People's Cafe,,https://www.ismaya.com/eat-drink/the-peoples-cafe,https://lh5.googleusercontent.com/p/AF1QipPa_9XErDEPNan0kkhGCI5WKrS1qTf2BiF_2rWA=w408-h306-k-no,Kafe,Kafe,07.00-22.00,"Sabtu, Minggu",(021) 5705969,"The People's Cafe, WTC 6 East Terrace Ground Floor Kav 29, Jalan Jendral Sudirman, Kuningan, RT.8/RW.3, Kuningan, Karet, Kecamatan Setiabudi, Kota Jakarta Selatan, Daerah Khusus Ibukota Jakarta 12920","harga, makan siang, ayam, ruangan, telur asin, smoking, pelayan, sambal, pizza",https://www.google.com/maps/place/The+People%27s+Cafe/data=!4m7!3m6!1s0x2e69f4004a8bcaa7:0xb2bb53d3aac01a81!8m2!3d-6.2149016!4d106.8193998!16s%2Fg%2F11c6d_c3kh!19sChIJp8qLSgD0aS4RgRrAqtNTu7I?authuser=0&hl=id&rclk=1,"indoor, minimalis cafe, modern cafe, art cafe, meeting cafe, study cafe, smoking, nonsmoking, coffee, noncoffee",0,1,0,1,0,1,1,0,0,0,1,1,0,0,0,1,1,1,1,0
ChIJNw5NzfPzaS4RmjeLMDY5IHE,TOMORO COFFEE - The East,,https://www.tomoro-coffee.com/,https://lh5.googleusercontent.com/p/AF1QipNCOErcdq99RikAV6czB9L7trDJ6BzsTkDJahzV=w426-h240-k-no,Kedai Kopi,Kedai Kopi,,,,"TOMORO COFFEE - The East, The East, Jl. DR. Ide Anak Agung Gde Agung No.1, Kuningan, Kuningan Tim., Kecamatan Setiabudi, Kota Jakarta Selatan, Daerah Khusus Ibukota Jakarta","pelayanan, barista, harga, mba",https://www.google.com/maps/place/TOMORO+COFFEE+-+The+East/data=!4m7!3m6!1s0x2e69f3f3cd4d0e37:0x71203936308b379a!8m2!3d-6.2290207!4d106.8252504!16s%2Fg%2F11khj93jkv!19sChIJNw5NzfPzaS4RmjeLMDY5IHE?authuser=0&hl=id&rclk=1,"indoor, minimalis cafe, modern cafe, meeting cafe, study cafe, nonsmoking, coffee, noncoffee",0,1,0,1,0,1,0,0,0,0,1,1,0,0,0,0,1,1,1,0
ChIJYRUKpZTzaS4R23Mg0scMfSA,MAKO COFFEE JAKARTA,,http://instagram.com/mako.jakarta,https://lh5.googleusercontent.com/p/AF1QipP1j10k-YaAs5w5-FKipXUPiRW-TFgl7mp8lf-Y=w408-h306-k-no,Kedai Kopi,Kedai Kopi,10.00-22.00,,0895-1412-2246,"MAKO COFFEE JAKARTA, Jl. Terusan H. R. Rasuna Said No.70, RT.18/RW.2, West Kuningan, Mampang Prapatan, South Jakarta City, Jakarta 12710","luas, bus, strategis",https://www.google.com/maps/place/MAKO+COFFEE+JAKARTA/data=!4m7!3m6!1s0x2e69f394a50a1561:0x207d0cc7d22073db!8m2!3d-6.239003!4d106.8263817!16s%2Fg%2F11qyp1y4ct!19sChIJYRUKpZTzaS4R23Mg0scMfSA?authuser=0&hl=id&rclk=1,"outdoor, indoor, minimalis cafe, modern cafe, good views, family cafe, smoking, nonsmoking, coffee, noncoffee",1,1,0,1,0,1,0,0,0,0,0,0,1,1,0,1,1,1,1,0
ChIJI552ai_1aS4RcUT9cGVR6yI,One Eighty Cafe,,https://instagram.com/oneeightybakery.id%3Figshid%3DOGY3MTU3OGY1Mw%3D%3D,https://lh5.googleusercontent.com/p/AF1QipPW0J13_4fvuPG9DPrNk9o5rqUWHlcAIPyFOV95=w426-h240-k-no,Kafe,Kafe,08.30-20.30,,0812-8811-5188,"One Eighty Cafe, Thamrin Nine, Podium, Jl. M.H. Thamrin No.10, Kecamatan Tanah Abang, Jakarta, Daerah Khusus Ibukota Jakarta 10230","daifuku, matcha, es krim mochi, garam laut, gedung, lantai, coconut, milk tea, gula, maps",https://www.google.com/maps/place/One+Eighty+Cafe/data=!4m7!3m6!1s0x2e69f52f6a769e23:0x22eb516570fd4471!8m2!3d-6.1988595!4d106.822561!16s%2Fg%2F11thjw0hk5!19sChIJI552ai_1aS4RcUT9cGVR6yI?authuser=0&hl=id&rclk=1,"indoor, minimalis cafe, modern cafe, family cafe, nonsmoking, coffee, noncoffee",0,1,0,1,0,1,0,0,0,0,0,0,0,1,0,0,1,1,1,0
ChIJGVD9v071aS4RAUZnEuuv9cw,Swiss-Cafe at Swiss-Belresidences Rasuna Epicentrum,,https://www.swiss-belhotel.com/en-gb/swiss-belresidences-rasuna-epicentrum,https://lh5.googleusercontent.com/p/AF1QipOyjToX8rWyTNi3v4oEXbzVLwinvic5aapPIFbA=w408-h272-k-no,Kafe,Kafe,"06.00-10.30, 12.00-14.30, 17.30-22.00",,(021) 29941166,"Swiss-Cafe at Swiss-Belresidences Rasuna Epicentrum, Jl. Epicentrum Boulevard Tim., RT.5/RW.1, Karet, Kecamatan Setiabudi, Kota Jakarta Selatan, Daerah Khusus Ibukota Jakarta 12940","keluarga, kolam renang, hotel, barbeque, chef, luas, pelayanan",https://www.google.com/maps/place/Swiss-Caf%C3%A9+at+Swiss-Belresidences+Rasuna+Epicentrum/data=!4m7!3m6!1s0x2e69f54ebffd5019:0xccf5afeb12674601!8m2!3d-6.2142493!4d106.8370465!16s%2Fg%2F11h_7ms9df!19sChIJGVD9v071aS4RAUZnEuuv9cw?authuser=0&hl=id&rclk=1,"outdoor, indoor, modern cafe, meeting cafe, good views, family cafe, smoking, nonsmoking, noncoffee",1,1,0,0,0,1,0,0,0,0,1,0,1,1,0,1,1,0,1,0
ChIJIVgDwITzaS4RoLDF92SgAB0,"Fore Coffee - Plaza Festival, Jakarta",,https://profile.fore.coffee/,https://lh5.googleusercontent.com/p/AF1QipPBg3lpX33bnoe56y18E1NYNwf98xWylLLq49qi=w408-h408-k-no,Kedai Kopi,Kedai Kopi,09.00-21.00,,0888-1029-740,"Fore Coffee - Plaza Festival, Jakarta, Plaza Festival Mall unit GF - 17, Jl. H. R. Rasuna Said No.Kav. 22, RT.2/RW.5, Karet Kuningan, Kecamatan Setiabudi, Kota Jakarta Selatan, Daerah Khusus Ibukota Jakarta 12940","barista, harga","https://www.google.com/maps/place/Fore+Coffee+-+Plaza+Festival,+Jakarta/data=!4m7!3m6!1s0x2e69f384c0035821:0x1d00a064f7c5b0a0!8m2!3d-6.2215533!4d106.8334479!16s%2Fg%2F11h5n8dl_t!19sChIJIVgDwITzaS4RoLDF92SgAB0?authuser=0&hl=id&rclk=1","outdoor, indoor, minimalis cafe, modern cafe, meeting cafe, study cafe, smoking, nonsmoking, coffee, noncoffee, garden cafe",1,1,0,1,0,1,0,0,0,0,1,1,0,0,0,1,1,1,1,1
ChIJlTlbeInxaS4R69-iUDBNNtw,BLEUM Coffee - Pacific Place Jakarta,,https://bleum.coffee/,https://lh5.googleusercontent.com/p/AF1QipONX5v-BiQJZ_2Uwn6I7_dXVhsn2whBpqmoT9EJ=w408-h725-k-no,Kedai Kopi,"Kedai Kopi, Toko kopi",08.00-21.30,,(021) 51402489,"BLEUM Coffee - Pacific Place Jakarta, Pacific Place Mall Level B1 28 A, RT.5/RW.3, Senayan, Kebayoran Baru, South Jakarta City, Jakarta 12190","barista, harga, latte, skill, flat white",https://www.google.com/maps/place/BLEUM+Coffee+-+Pacific+Place+Jakarta/data=!4m7!3m6!1s0x2e69f189785b3995:0xdc364d3050a2dfeb!8m2!3d-6.2241771!4d106.8098067!16s%2Fg%2F11g2_6rzm9!19sChIJlTlbeInxaS4R69-iUDBNNtw?authuser=0&hl=id&rclk=1,"indoor, minimalis cafe, modern cafe, nonsmoking, coffee, noncoffee",0,1,0,1,0,1,0,0,0,0,0,0,0,0,0,0,1,1,1,0
ChIJi2bcxOv1aS4RRpyWk30UrUI,C+C Coffee,,https://cccoffee-cafe.business.site/%3Futm_source%3Dgmb%26utm_medium%3Dreferral,https://lh5.googleusercontent.com/p/AF1QipO7FF0KtjQM-xT9J3mODg2dtKkVAXARX-5bhDCM=w408-h544-k-no,Kafe,Kafe,07.00-22.00,,0819-3266-0761,"C+C Coffee, Jl. Menteng Raya No.70, RT.4/RW.9, Kb. Sirih, Jakarta, Kota Jakarta Pusat, Daerah Khusus Ibukota Jakarta 10310",harga,https://www.google.com/maps/place/C%2BC+Coffee/data=!4m7!3m6!1s0x2e69f5ebc4dc668b:0x42ad147d93969c46!8m2!3d-6.1859329!4d106.835746!16s%2Fg%2F11fslwmy4s!19sChIJi2bcxOv1aS4RRpyWk30UrUI?authuser=0&hl=id&rclk=1,"outdoor, indoor, minimalis cafe, family cafe, smoking, nonsmoking, coffee, noncoffee, garden cafe",1,1,0,1,0,0,0,0,0,0,0,0,0,1,0,1,1,1,1,1
ChIJ9XaW1dXzaS4RdYApBrzQ-Q4,Point Cafe Mall Ambasador,,https://pointcoffee.id/,https://lh5.googleusercontent.com/p/AF1QipMe8AWb32tE_y0V3xureBD3g3MIZitHUjmZWk7L=w426-h240-k-no,Kedai Kopi,Kedai Kopi,06.00-21.00,,(021) 1500280,"Point Cafe Mall Ambasador, Mall Ambassador, Jl. Prof. DR. Satrio No.18, RT.11/RW.4, Kuningan, Karet Kuningan, Setiabudi, South Jakarta City, Jakarta 12940","baristanya, pelayanan",https://www.google.com/maps/place/Point+Cafe+Mall+Ambasador/data=!4m7!3m6!1s0x2e69f3d5d59676f5:0xef9d0bc06298075!8m2!3d-6.2239203!4d106.8269288!16s%2Fg%2F11gtxg143g!19sChIJ9XaW1dXzaS4RdYApBrzQ-Q4?authuser=0&hl=id&rclk=1,"indoor, minimalis cafe, modern cafe, nonsmoking, coffee, noncoffee",0,1,0,1,0,1,0,0,0,0,0,0,0,0,0,0,1,1,1,0
ChIJC-Gvr3_zaS4Rn6xyGuAxWDE,Venom cafe,,https://linktr.ee/venomcafejkt,https://lh5.googleusercontent.com/p/AF1QipOH7e61_xzc8eOSwuTWjrS2YC7L1V01agJAu_Z8=w426-h240-k-no,Kedai Kopi,"Kedai Kopi, Kafe",07.00-21.00,,0811-1517-007,"Venom cafe, Wisma argo manunggal, RT.2/RW.2, Karet Semanggi, Setiabudi, South Jakarta City, Jakarta 12930",,https://www.google.com/maps/place/Venom+cafe/data=!4m7!3m6!1s0x2e69f37fafafe10b:0x315831e01a72ac9f!8m2!3d-6.2291108!4d106.8199316!16s%2Fg%2F11fl8_fb6w!19sChIJC-Gvr3_zaS4Rn6xyGuAxWDE?authuser=0&hl=id&rclk=1,"outdoor, indoor, vintage, modern cafe, family cafe, smoking, nonsmoking, coffee, noncoffee",1,1,1,0,0,1,0,0,0,0,0,0,0,1,0,1,1,1,1,0
ChIJgfpdJw71aS4Rf9HLMDr7GQ8,Coffee D. Lites,,https://www.instagram.com/coffee_d.lites/,https://lh5.googleusercontent.com/p/AF1QipNaM-j-yeYdE7Z9CSD3-tlfyICuim7aFsBjZaBJ=w408-h407-k-no,Kedai Kopi,Kedai Kopi,10.00-21.00,,,"Coffee D. Lites, Jl. Anggrek 3 No.44, RT.16/RW.7, Kuningan, Karet Kuningan, Kecamatan Setiabudi, Kota Jakarta Selatan, Daerah Khusus Ibukota Jakarta 12940",,https://www.google.com/maps/place/Coffee+D.+Lites/data=!4m7!3m6!1s0x2e69f50e275dfa81:0xf19fb3a30cbd17f!8m2!3d-6.2165961!4d106.8285125!16s%2Fg%2F11j7d0pd6f!19sChIJgfpdJw71aS4Rf9HLMDr7GQ8?authuser=0&hl=id&rclk=1,"indoor, industrial cafe, family cafe, nonsmoking, coffee, noncoffee",0,1,0,0,1,0,0,0,0,0,0,0,0,1,0,0,1,1,1,0
ChIJrXXKvZLxaS4RiAQB48KKHBQ,Twin House Cipete,Kreasi minuman kopi disajikan dengan makanan rumahan ala Barat di kafe nyaman yang dikelillingi taman ini.,,https://lh5.googleusercontent.com/p/AF1QipM3F2-IqhJS72wJGxB9smXgVZdtpOtvfSoWUI52=w425-h240-k-no,Restoran Masakan Barat,"Restoran Masakan Barat, Kedai Kopi, Restoran",08.00-22.00,,,"Twin House Cipete, Jl. Cipete Raya No.4B, Cipete Sel., Kec. Cilandak, Kota Jakarta Selatan, Daerah Khusus Ibukota Jakarta 12410","parkir, taman, meeting, pesan, bangunan, sambal matah, wedding, bridal shower, smoking area, piknik",https://www.google.com/maps/place/Twin+House+Cipete/data=!4m7!3m6!1s0x2e69f192bdca75ad:0x141c8ac2e3010488!8m2!3d-6.2786293!4d106.8051401!16s%2Fg%2F11cmtb67xv!19sChIJrXXKvZLxaS4RiAQB48KKHBQ?authuser=0&hl=id&rclk=1,"outdoor, indoor, minimalis cafe, modern cafe, meeting cafe, family cafe, country food, smoking, nonsmoking, coffee, noncoffee, garden cafe",1,1,0,1,0,1,0,0,0,0,1,0,0,1,1,1,1,1,1,1
ChIJcwgt_yX0aS4R-914aD6UsyU,Djakarta Kafe,"Kafe bernuansa cerah dan nyaman dengan acara olahraga di TV, kopi, hidangan lokal klasik dan pastri.",,https://lh5.googleusercontent.com/p/AF1QipNlIXexJt1SuU5ftgzQ3VSTOYF1otvzy5r1bdT4=w408-h306-k-no,Kafe,Kafe,09.00-02.00,,0812-8500-4309,"Djakarta Kafe, Gedung Djakarta Theatre, Jl. M.H. Thamrin No.9, RT.2/RW.1, Kb. Sirih, Kec. Menteng, Kota Jakarta Pusat, Daerah Khusus Ibukota Jakarta 10340","pelayannya, strategis, musiknya, malam, sarinah, smoking, santai, sofa, ibukota, masakan",https://www.google.com/maps/place/Djakarta+Kafe/data=!4m7!3m6!1s0x2e69f425ff2d0873:0x25b3943e6878ddfb!8m2!3d-6.1865817!4d106.8239871!16s%2Fg%2F1jkz20ygc!19sChIJcwgt_yX0aS4R-914aD6UsyU?authuser=0&hl=id&rclk=1,"outdoor, indoor, minimalis cafe, modern cafe, meeting cafe, study cafe, smoking, nonsmoking, coffee, noncoffee",1,1,0,1,0,1,0,0,0,0,1,1,0,0,0,1,1,1,1,0
ChIJ4Umhf13xaS4RyFgMEN82SGw,CHIEF BARBERSHOP & COFFEE - CIRAGIL,Kafe luas yang menyajikan menu sarapan siang & kopi eklektik di tempat antik dengan lengkungan bata ekspos.,,https://lh5.googleusercontent.com/p/AF1QipNgoAa3d70gzohOkvFo7Sb0nkcaFlDOZHL6kg9h=w408-h272-k-no,Kedai Kopi,Kedai Kopi,07.00-21.00,,(021) 7251130,"CHIEF BARBERSHOP & COFFEE - CIRAGIL, Jl. Ciragil I No.11, Rw. Bar., Kec. Kby. Baru, Kota Jakarta Selatan, Daerah Khusus Ibukota Jakarta 12180","cukur rambut, pelayanan, tempat parkir, kasir, meeting, baileys, sambal matah, kerja, pesan, town",https://www.google.com/maps/place/CHIEF+BARBERSHOP+%26+COFFEE+-+CIRAGIL/data=!4m7!3m6!1s0x2e69f15d7fa149e1:0x6c4836df100c58c8!8m2!3d-6.238081!4d106.808875!16s%2Fg%2F11c1nymggg!19sChIJ4Umhf13xaS4RyFgMEN82SGw?authuser=0&hl=id&rclk=1,"indoor, minimalis cafe, meeting cafe, nonsmoking, coffee, noncoffee",0,1,0,1,1,0,0,0,0,0,1,0,0,0,0,0,1,1,1,0
ChIJR-d4u7LzaS4REMccUOjESM4,Sama Dengan Kalibata,,,https://lh5.googleusercontent.com/p/AF1QipNNJKKoegPvGir-gXe2izIC9OHCiPDN9uGh6yT9=w408-h725-k-no,Kafe,"Kafe, Kedai Kopi, Restoran",08.00-00.00,,0817-0700-703,"Sama Dengan Kalibata, Jalan Raya Kalibata No.1, kalibata City Square, Tower Flamboyan CL:18-20, RT.9/RW.4, Rawajati, Kec. Pancoran, Kota Jakarta Selatan, Daerah Khusus Ibukota Jakarta 12750","interior, apartemen, konsep, tanaman, mall, pesan, playlist, kecombrang, ambient, boneka",https://www.google.com/maps/place/Sama+Dengan+Kalibata/data=!4m7!3m6!1s0x2e69f3b2bb78e747:0xce48c4e8501cc710!8m2!3d-6.256315!4d106.852326!16s%2Fg%2F11gcj5zb_7!19sChIJR-d4u7LzaS4REMccUOjESM4?authuser=0&hl=id&rclk=1,"outdoor, indoor, meeting cafe, study cafe, meeting cafe, study cafe, smoking, nonsmoking, coffee, noncoffee, garden cafe",1,1,0,0,0,0,0,0,0,0,1,1,0,0,0,1,1,1,1,1
ChIJr8K9asvzaS4R19qBYn2g1i4,Kyo Coffee,,,https://lh5.googleusercontent.com/p/AF1QipMHlSV7mFOwUP95SA6n4RNnGPvgv0miXMM1E5Oy=w408-h306-k-no,Kafe,Kafe,07.00-21.00,,0812-1284-4322,"Kyo Coffee, Jl. Wirajasa Jl. Raya Jatiwaringin No.1, Cipinang Melayu, Makasar, East Jakarta City, Jakarta 13620","parkir, pastry, konsep, foto, minimalis, apple pie, design, aesthetic, tol",https://www.google.com/maps/place/Ky%C5%8D+Coffee/data=!4m7!3m6!1s0x2e69f3cb6abdc2af:0x2ed6a07d6281dad7!8m2!3d-6.2552124!4d106.9098943!16s%2Fg%2F11jvd57dwf!19sChIJr8K9asvzaS4R19qBYn2g1i4?authuser=0&hl=id&rclk=1,"outdoor, indoor, minimalis cafe, meeting cafe, study cafe, smoking, nonsmoking, coffee, noncoffee",1,1,0,1,0,0,0,0,0,0,1,1,0,0,0,1,1,1,1,0
ChIJg7gmT4DxaS4RCzc0ClyYMGw,CHIEF COFFEE - KEMANG,Kedai kopi keren dengan suasana santai yang menyajikan racikan kopi kelas atas & camilan.,,https://lh5.googleusercontent.com/p/AF1QipOVtGA6HL0esPbU9_ao82opiXISA4BVk6j2yoY=w408-h408-k-no,Kafe,"Kafe, Kedai Kopi",07.00-21.00,,0878-8040-7999,"CHIEF COFFEE - KEMANG, Jl. Kemang Raya No.27 D, Bangka, Kec. Mampang Prpt., Kota Jakarta Selatan, Daerah Khusus Ibukota Jakarta 12730","barber, lantai, baristanya, wifi, santai, interior, standar, meeting, nasi goreng, sambal",https://www.google.com/maps/place/CHIEF+COFFEE+-+KEMANG/data=!4m7!3m6!1s0x2e69f1804f26b883:0x6c30985c0a34370b!8m2!3d-6.2599276!4d106.8156715!16s%2Fg%2F11g8wd5vmf!19sChIJg7gmT4DxaS4RCzc0ClyYMGw?authuser=0&hl=id&rclk=1,"indoor, minimalis cafe, art cafe, meeting cafe, study cafe, nonsmoking, coffee, noncoffee",0,1,0,1,0,0,1,0,0,0,1,1,0,0,0,0,1,1,1,0
ChIJrxQ45X7xaS4RHH5b8A1WCqQ,The Cat Cabin,"Kafe dengan suasana nyaman dan dekor yang lucu dan khas, serta tempat bermain bersama kucing.",,https://lh5.googleusercontent.com/p/AF1QipO0yJm0A9BCp3DsjBOD9YrVsxbF8V05m9Ubh4P-=w426-h240-k-no,Kafe,Kafe,12.00-18.00,Senin,(021) 71795243,"The Cat Cabin, Jl. Kemang Raya No.31, RT.13/RW.1, Bangka, Kec. Mampang Prpt., Kota Jakarta Selatan, Daerah Khusus Ibukota Jakarta 12720","kucing, bisa, ruangan, bermain, weekend, bulu, buku, bau, biaya, service charge",https://www.google.com/maps/place/The+Cat+Cabin/data=!4m7!3m6!1s0x2e69f17ee53814af:0xa40a560df05b7e1c!8m2!3d-6.2552548!4d106.8141571!16s%2Fg%2F11b6z_v8zz!19sChIJrxQ45X7xaS4RHH5b8A1WCqQ?authuser=0&hl=id&rclk=1,"indoor, industrial cafe, pet cafe, books cafe, family cafe, nonsmoking, coffee, noncoffee",0,1,0,0,1,0,0,1,1,0,0,0,0,1,0,0,1,1,1,0
ChIJGQ1hkdX1aS4Rq1rdFefMN38,Jakarta Coffee House,,,https://lh5.googleusercontent.com/p/AF1QipMoau5z-SCfWWaJzJkGa4pU1QMmW5Xsug-W8xJu=w408-h306-k-no,Kafe,Kafe,06.00-00.00,,0857-3627-7859,"Jakarta Coffee House, Jl. K.H. Wahid Hasyim No.59, RT.1/RW.3, Kb. Sirih, Kec. Menteng, Kota Jakarta Pusat, Daerah Khusus Ibukota Jakarta 10340","cafe latte, lantai, music, wifi, hotel, santai, tempat parkir, smoking area, kantor, duduk",https://www.google.com/maps/place/Jakarta+Coffee+House/data=!4m7!3m6!1s0x2e69f5d591610d19:0x7f37cce715dd5aab!8m2!3d-6.187375!4d106.8280947!16s%2Fg%2F11h8bj2cnj!19sChIJGQ1hkdX1aS4Rq1rdFefMN38?authuser=0&hl=id&rclk=1,"indoor, vintage, art cafe, good views, smoking, nonsmoking, coffee, noncoffee",0,1,1,0,0,0,1,0,0,0,0,0,1,0,0,1,1,1,1,0
ChIJKQIm3L3zaS4RoPhv_j0rx68,D'Bubbles shisha Cafe Tebet,"Kafe sederhana dengan teras dan interior mewah yang menyajikan kopi, makanan rumahan, dan shisha beragam rasa.",,https://lh5.googleusercontent.com/p/AF1QipOtFnBIwH5YK0qsmd8I1xIBAZOqjA0fCTqs7k-2=w408-h725-k-no,Kafe,"Kafe, Bar Hokah, Restoran",08.00-02.00,,0812-9021-8850,"D'Bubbles shisha Cafe Tebet, Jl. Tebet Barat Dalam Raya No.51, RT.6/RW.4, Tebet Bar., Kec. Tebet, Kota Jakarta Selatan, Daerah Khusus Ibukota Jakarta 12810","harga, parkir",https://www.google.com/maps/place/D%27Bubbles+shisha+Cafe+Tebet/data=!4m7!3m6!1s0x2e69f3bddc260229:0xafc72b3dfe6ff8a0!8m2!3d-6.2385001!4d106.84759!16s%2Fg%2F11c2kzdgd2!19sChIJKQIm3L3zaS4RoPhv_j0rx68?authuser=0&hl=id&rclk=1,"indoor, vintage, 24 hours cafe, meeting cafe, country food, smoking, noncoffee",0,1,1,0,0,0,0,0,0,1,1,0,0,0,1,1,0,0,1,0
ChIJwWb9eQj0aS4Rp0okRO3P3-Y,The People's Cafe,,,https://lh3.googleusercontent.com/gps-proxy/AFm_dcRsDZrHv9-PJZ1JNCJekmNJTfMRnP0PT2pDk9z1a1vLH-jOzN3CBSFBpcjU6GGDOMqwW_fAI0cQkt3VcQT0LXqEzVfwsEWYRv26JEbmsLaK_pzoR5HARDOSQ-NkrYaHQPhjSXqdAysID1-oNhyzyuWlJqaTXN7O7KTUCmlABPvG7BU-rM3tkUdvlQ=w426-h240-k-no,Kafe,"Kafe, Kedai Sarapan, Restoran",09.00-22.00,,(021) 5210301,"The People's Cafe, Mall, Setiabudi One, Jl. H. R. Rasuna Said No.18, RT.18/RW.2, Kuningan, Kuningan Tim., Kecamatan Setiabudi, Kota Jakarta Selatan, Daerah Khusus Ibukota Jakarta 12940","harga, smoking area, lunch, goreng, pelayanan, pesan, chicken, street food, cemilan, waiter",https://www.google.com/maps/place/The+People%27s+Cafe/data=!4m7!3m6!1s0x2e69f40879fd66c1:0xe6dfcfed44244aa7!8m2!3d-6.2150431!4d106.8298483!16s%2Fg%2F11cm02jp67!19sChIJwWb9eQj0aS4Rp0okRO3P3-Y?authuser=0&hl=id&rclk=1,"indoor, meeting cafe, family cafe, country food, nonsmoking, coffee, noncoffee",0,1,0,0,0,0,0,0,0,0,1,0,0,1,1,0,1,1,1,0
ChIJuzwfzmfxaS4RIQjKYi4wfdc,OverLimit Cafe & Coffee Jakarta,,,https://lh5.googleusercontent.com/p/AF1QipNdI-KIXH3VLfr46SZQMR9BvsjW4zS_f3ku82YU=w426-h240-k-no,Kedai Kopi,Kedai Kopi,17.00-01.00,,0819-9191-1990,"OverLimit Cafe & Coffee Jakarta, Jl. H. Soleh II No.2B, RT.7/RW.2, Sukabumi Sel., Kec. Kb. Jeruk, Kota Jakarta Barat, Daerah Khusus Ibukota Jakarta 11560","harga, pelayanan, strategis, music, luas",https://www.google.com/maps/place/OverLimit+Cafe+%26+Coffee+Jakarta/data=!4m7!3m6!1s0x2e69f167ce1f3cbb:0xd77d302e62ca0821!8m2!3d-6.2206463!4d106.7783251!16s%2Fg%2F11f5v64myg!19sChIJuzwfzmfxaS4RIQjKYi4wfdc?authuser=0&hl=id&rclk=1,"outdoor, indoor, minimalis cafe, industrial cafe, meeting cafe, smoking, nonsmoking, coffee, noncoffee",1,1,0,1,1,0,0,0,0,0,1,0,0,0,0,1,1,1,1,0
ChIJBXQMVOzzaS4RVYIMC8ymGqk,Waroeng Sadjoe,,,https://lh5.googleusercontent.com/p/AF1QipNmRRxy37o7g44z_5cktnPk_AnHK1-WkO_WoG2e=w426-h240-k-no,Kedai Kopi,"Kedai Kopi, Ruang Kerja Bersama, Restoran",11.00-23.00,,0878-1175-3838,"Waroeng Sadjoe, RT.12/RW.3, Tebet Bar., Kec. Tebet, Kota Jakarta Selatan, Daerah Khusus Ibukota Jakarta 12810","meeting, karaoke, sate, ruangan, parkir, smoking, sound, luas, harga, rawon",https://www.google.com/maps/place/Waroeng+Sadjoe/data=!4m7!3m6!1s0x2e69f3ec540c7405:0xa91aa6cc0b0c8255!8m2!3d-6.2350648!4d106.8444962!16s%2Fg%2F11s19mfn24!19sChIJBXQMVOzzaS4RVYIMC8ymGqk?authuser=0&hl=id&rclk=1,"indoor, meeting cafe, family cafe, smoking, nonsmoking, coffee, noncoffee",0,1,0,0,0,0,0,0,0,0,1,0,0,1,0,1,1,1,1,0
ChIJQdJl7__1aS4RqGHX18-Mblk,O'delice Cafe,,,https://lh5.googleusercontent.com/p/AF1QipPx9USf-l_u6gsbjgioaT77PEwbPW2JAlxU5E0D=w408-h906-k-no,Kafe,"Kafe, Restoran",07.00-21.00,,0816-1472-651,"O'delice Cafe, 3, Jl. HOS. Cokroaminoto No.22, RT.5/RW.4, Gondangdia, Kec. Menteng, Kota Jakarta Pusat, Daerah Khusus Ibukota Jakarta 10350","parkir, cemilan, luas, pasta, boba, seni latte, design, manis, unicorn, croissant",https://www.google.com/maps/place/O%27delice+Cafe/data=!4m7!3m6!1s0x2e69f5ffef65d241:0x596e8ccfd7d761a8!8m2!3d-6.1890458!4d106.8287461!16s%2Fg%2F11h3qsvtz6!19sChIJQdJl7__1aS4RqGHX18-Mblk?authuser=0&hl=id&rclk=1,"outdoor, indoor, vintage, meeting cafe, family cafe, country food, smoking, nonsmoking, coffee, noncoffee",1,1,1,0,0,0,0,0,0,0,1,0,0,1,1,1,1,1,1,0
ChIJ0_F9RMfzaS4R8JtcOyfNnzU,"Bach Coffee, Kuningan city",,,https://lh5.googleusercontent.com/p/AF1QipMU1uLcOOa8Ux6_KETOq-nw8o3Rr75JDdvZ9QoY=w427-h240-k-no,Kafe,Kafe,07.00-22.00,,,"Bach Coffee, Kuningan city, Kuningan city mall ground floor, Jl. Prof. DR. Satrio No.8, RT.14/RW.4, Kuningan, Karet Kuningan, Setiabudi, South Jakarta City, Jakarta 12940","pho, banh mi, mall, beef, manis, latte, diskon, smoking, id card, cemilan","https://www.google.com/maps/place/Bach+Coffee,+Kuningan+city/data=!4m7!3m6!1s0x2e69f3c7447df1d3:0x359fcd273b5c9bf0!8m2!3d-6.2247059!4d106.8291704!16s%2Fg%2F11q2r5q2cm!19sChIJ0_F9RMfzaS4R8JtcOyfNnzU?authuser=0&hl=id&rclk=1","indoor, minimalis cafe, modern cafe, meeting cafe, study cafe, smoking, nonsmoking, coffee, noncoffee",0,1,0,1,0,1,0,0,0,0,1,1,0,0,0,1,1,1,1,0
ChIJq4gFVIjxaS4RT7tBSmrflLI,Sang Cafe Jakarta,"Kedai kopi keren dengan dekorasi kontemporer yang menawarkan racikan teh dan kopi premium, plus manisan.",,https://lh5.googleusercontent.com/p/AF1QipMuMfC1dtGWba0ADwogeJgC0ChuKvs_ndHMcvOf=w408-h272-k-no,Kafe,Kafe,11.00-21.00,Minggu,0811-1909-150,"Sang Cafe Jakarta, Jl. Tebet Timur Dalam Raya No.69, RT.11/RW.7, Tebet Tim., Kec. Tebet, Kota Jakarta Selatan, Daerah Khusus Ibukota Jakarta 12820","bebek, harga, susu, baristanya, cappucino, keluarga, goreng, strategis, town, sambal",https://www.google.com/maps/place/Sang+Cafe+Jakarta/data=!4m7!3m6!1s0x2e69f188540588ab:0xb294df6a4a41bb4f!8m2!3d-6.2372!4d106.856664!16s%2Fg%2F11f5h5w4s8!19sChIJq4gFVIjxaS4RT7tBSmrflLI?authuser=0&hl=id&rclk=1,"outdoor, indoor, minimalis cafe, family cafe, smoking, nonsmoking, coffee, noncoffee",1,1,0,1,0,0,0,0,0,0,0,0,0,1,0,1,1,1,1,0
ChIJxzoGIT_0aS4R-8F9vOO-kzk,EatWell Coffee Cikini,,,https://lh5.googleusercontent.com/p/AF1QipNt18YhqAk7m18hcWWuqtKGSMMycFoBnJ1BHS0q=w408-h544-k-no,Kedai Kopi,"Kedai Kopi, Kafe",Buka 24 jam,,(021) 3147225,"EatWell Coffee Cikini, Ibis Budget Hotel Lt. Dasar, Jl. Cikini Raya No.75, RT.1/RW.2, Cikini, Kec. Menteng, Kota Jakarta Pusat, Daerah Khusus Ibukota Jakarta 10330","kolam renang, harga, hotel, santai",https://www.google.com/maps/place/EatWell+Coffee+Cikini/data=!4m7!3m6!1s0x2e69f43f21063ac7:0x3993bee3bc7dc1fb!8m2!3d-6.1916032!4d106.838715!16s%2Fg%2F11hb5_263z!19sChIJxzoGIT_0aS4R-8F9vOO-kzk?authuser=0&hl=id&rclk=1,"outdoor, 24 hours cafe, meeting cafe, good views, family cafe, nonsmoking, coffee, noncoffee",1,0,0,0,0,0,0,0,0,1,1,0,1,1,0,0,1,1,1,0
ChIJw19o1YL0aS4RBaSpx6ev-VQ,New Memories Cafe,"Tempat nongkrong santai yang menyajikan hidangan Indonesia & bir lokal, plus hiburan live.",,https://lh5.googleusercontent.com/p/AF1QipNp9xio-LVy00CeR3Y9AymqzIRTTlV6-PtQFbH3=w426-h240-k-no,Kafe,"Kafe, Restoran",08.00-01.00,,(021) 3162548,"New Memories Cafe, Jl. Jaksa No.17, RT.8/RW.5, Kb. Sirih, Kec. Menteng, Kota Jakarta Pusat, Daerah Khusus Ibukota Jakarta 10340","beer, malam, konser, harga, turis, ekspatriat, band, jual",https://www.google.com/maps/place/New+Memories+Cafe/data=!4m7!3m6!1s0x2e69f482d5685fc3:0x54f9afa7c7a9a405!8m2!3d-6.184907!4d106.829485!16s%2Fg%2F1tgw7bfh!19sChIJw19o1YL0aS4RBaSpx6ev-VQ?authuser=0&hl=id&rclk=1,"indoor, vintage, meeting cafe, smoking, noncoffee",0,1,1,0,0,0,0,0,0,0,1,0,0,0,0,1,0,0,1,0
ChIJAQBAgSb0aS4Rpl46Fe8jWqA,The Coffee Bean,"Jaringan kedai kopi ini menyajikan aneka pilihan minuman, termasuk menu ice-blended-nya yang khas.",,https://lh5.googleusercontent.com/p/AF1QipMzYs1yGIQIuvtdWdIByZXuy5RB57oFlpioxNDk=w533-h240-k-no,Kafe,"Kafe, Kedai Kopi",10.00-21.00,,(021) 31990183,"The Coffee Bean, Jl. M.H. Thamrin No.30, RT.9/RW.4, Gondangdia, Kec. Menteng, Kota Jakarta Pusat, Daerah Khusus Ibukota Jakarta 10350","promo, mall, cake, bank, wifi, take away",https://www.google.com/maps/place/The+Coffee+Bean/data=!4m7!3m6!1s0x2e69f42681400001:0xa05a23ef153a5ea6!8m2!3d-6.1939814!4d106.822623!16s%2Fg%2F1tt5pcqw!19sChIJAQBAgSb0aS4Rpl46Fe8jWqA?authuser=0&hl=id&rclk=1,"indoor, minimalis cafe, modern cafe, meeting cafe, study cafe, smoking, nonsmoking, coffee",0,1,0,1,0,1,0,0,0,0,1,1,0,0,0,1,1,1,0,0
ChIJ8ccilZPzaS4R6FvhaRIeJGM,J&R Coffee and Eatery,,,https://lh5.googleusercontent.com/p/AF1QipNSROCMvf__V4NyOaTDO8yHRwqNhDDRHLgME9vE=w408-h306-k-no,Kedai Kopi,"Kedai Kopi, Kafe",10.00-20.00,Minggu,0853-1995-7770,"J&R Coffee and Eatery, Jl. Persada I No.7, RT.4/RW.15, Menteng Dalam, Kec. Tebet, Kota Jakarta Selatan, Daerah Khusus Ibukota Jakarta 12870","parkir, malam, harga, barista",https://www.google.com/maps/place/J%26R+Coffee+and+Eatery/data=!4m7!3m6!1s0x2e69f3939522c7f1:0x63241e1269e15be8!8m2!3d-6.2287892!4d106.8455634!16s%2Fg%2F11c2qlllr3!19sChIJ8ccilZPzaS4R6FvhaRIeJGM?authuser=0&hl=id&rclk=1,"outdoor, indoor, vintage, study cafe, good views, family cafe, smoking, nonsmoking, coffee, noncoffee, garden cafe",1,1,1,0,0,0,0,0,0,0,0,1,1,1,0,1,1,1,1,1
ChIJLxBcNEz1aS4Rz-ylGMhisWI,CTB Menteng - Coffee & Tea,,,https://lh5.googleusercontent.com/p/AF1QipOMJ7f02zxsgx4F_WLbCXmZ1BV-Nx6nn4q23jrm=w408-h272-k-no,Kedai Kopi,"Kedai Kopi, Kafe, Restoran",16.30-01.00,,0822-6009-9909,"CTB Menteng - Coffee & Tea, Jl. Yusuf Adiwinata No.45, RT.8/RW.5, Gondangdia, Kec. Menteng, Kota Jakarta Pusat, Daerah Khusus Ibukota Jakarta 10350","harga, nyamuk",https://www.google.com/maps/place/CTB+Menteng+-+Coffee+%26+Tea/data=!4m7!3m6!1s0x2e69f54c345c102f:0x62b162c818a5eccf!8m2!3d-6.1930416!4d106.8265349!16s%2Fg%2F11mtmt50s6!19sChIJLxBcNEz1aS4Rz-ylGMhisWI?authuser=0&hl=id&rclk=1,"outdoor, indoor, industrial cafe, coffee, noncoffee",1,1,0,0,1,0,0,0,0,0,0,0,0,0,0,0,0,1,1,0
ChIJv4twJgX0aS4RPU85z_L9IIo,Tovass Cafe,,,https://lh5.googleusercontent.com/p/AF1QipMoL_WIKh2s97Yik8l8WQgKwC5a_LvKegzf7OCz=w426-h240-k-no,Kafe,"Kafe, Restoran Indonesia, Restoran Mie",Buka 24 jam,,,"Tovass Cafe, Jl. Setia Budi Tengah No.30, RT.5/RW.1, Kuningan, Setia Budi, Kecamatan Setiabudi, Kota Jakarta Selatan, Daerah Khusus Ibukota Jakarta 12910","indomie, harga",https://www.google.com/maps/place/Tovass+Cafe/data=!4m7!3m6!1s0x2e69f40526708bbf:0x8a20fdf2cf394f3d!8m2!3d-6.2078644!4d106.8272385!16s%2Fg%2F11cjj0ty73!19sChIJv4twJgX0aS4RPU85z_L9IIo?authuser=0&hl=id&rclk=1,"indoor, 24 hours cafe, smoking, coffee, noncoffee",0,1,0,0,0,0,0,0,0,1,0,0,0,0,0,1,0,1,1,0
ChIJvQ15L9j1aS4R9Vg1P2V_scw,KAY's CAFE,,,https://lh5.googleusercontent.com/p/AF1QipPfnL3cV1AliM-OW3B1PIj4tEIiakTTWa6GMVk9=w426-h240-k-no,Kafe,"Kafe, Bar",10.00-21.00,,(021) 55881000,"KAY's CAFE, Jl. Pintu Air V No.53, RT.5/RW.8, Ps. Baru, Kecamatan Sawah Besar, Kota Jakarta Pusat, Daerah Khusus Ibukota Jakarta 10710","hotel, music, strategis, malam, cordon blue, konsep, luas",https://www.google.com/maps/place/KAY%27s+CAFE/data=!4m7!3m6!1s0x2e69f5d82f790dbd:0xccb17f653f3558f5!8m2!3d-6.1631003!4d106.832408!16s%2Fg%2F11f5_l199y!19sChIJvQ15L9j1aS4R9Vg1P2V_scw?authuser=0&hl=id&rclk=1,"indoor, minimalis cafe, modern cafe, nonsmoking, coffee, noncoffee",0,1,0,1,0,1,0,0,0,0,0,0,0,0,0,0,1,1,1,0
ChIJa7_Shg7zaS4RvqQKON4lSjQ,Stillwater Cafe,,,https://lh5.googleusercontent.com/p/AF1QipNc_3b0WFutwf9a6jK-sMEBZGguL4oNp1eCvVfj=w408-h306-k-no,Kedai Kopi,Kedai Kopi,07.00-19.00,"Sabtu, Minggu",0822-1309-2128,"Stillwater Cafe, Cyber 1 Building's Lobby Floor Jalan Kuningan Barat Raya no.8, RT.1/RW.3, Kuningan Bar., Kec. Mampang Prpt., Kota Jakarta Selatan, Daerah Khusus Ibukota Jakarta 12710",harga,https://www.google.com/maps/place/Stillwater+Cafe/data=!4m7!3m6!1s0x2e69f30e86d2bf6b:0x344a25de380aa4be!8m2!3d-6.2385696!4d106.82393!16s%2Fg%2F11h3lfrql4!19sChIJa7_Shg7zaS4RvqQKON4lSjQ?authuser=0&hl=id&rclk=1,"indoor, minimalis cafe, meeting cafe, study cafe, nonsmoking, coffee, noncoffee",0,1,0,1,0,0,0,0,0,0,1,1,0,0,0,0,1,1,1,0
ChIJETO0FDLxaS4R7rjOTPersaY,Jakarta Coffee House Senayan,,,https://lh5.googleusercontent.com/p/AF1QipMXjUAdP-xJ6sp3NiP4QcHPvHRJ3mSG-xbJ7E7D=w408-h306-k-no,Kafe,Kafe,14.00-23.00,,,"Jakarta Coffee House Senayan, Jl. Senayan No.67, RT.8/RW.6, Rw. Bar., Kec. Kby. Baru, Kota Jakarta Selatan, Daerah Khusus Ibukota Jakarta 12180",,https://www.google.com/maps/place/Jakarta+Coffee+House+Senayan/data=!4m7!3m6!1s0x2e69f13214b43311:0xa6b1abf74cceb8ee!8m2!3d-6.2364921!4d106.816824!16s%2Fg%2F11qm3lxh0z!19sChIJETO0FDLxaS4R7rjOTPersaY?authuser=0&hl=id&rclk=1,"outdoor, industrial cafe, smoking, nonsmoking, coffee, noncoffee",1,0,0,0,1,0,0,0,0,0,0,0,0,0,0,1,1,1,1,0
ChIJmaMBRFz1aS4RtpAvB4xYGow,See You On Top Espresso Bar,,,https://lh5.googleusercontent.com/p/AF1QipMEHwdikQrxYXCTLNtQyvu61t4qefa78yknNBc2=w427-h240-k-no,Kedai Kopi,Kedai Kopi,10.00-19.00,,0851-5543-6235,"See You On Top Espresso Bar, Jl. Proklamasi No.68, RT.2/RW.5, Pegangsaan, Kec. Menteng, Kota Jakarta Pusat, Daerah Khusus Ibukota Jakarta 10320","baristanya, singkong",https://www.google.com/maps/place/See+You+On+Top+Espresso+Bar/data=!4m7!3m6!1s0x2e69f55c4401a399:0x8c1a588c072f90b6!8m2!3d-6.2029773!4d106.8484621!16s%2Fg%2F11fszyw6dp!19sChIJmaMBRFz1aS4RtpAvB4xYGow?authuser=0&hl=id&rclk=1,"outdoor, industrial cafe, nonsmoking, coffee, noncoffee",1,0,0,0,1,0,0,0,0,0,0,0,0,0,0,0,1,1,1,0
ChIJlX0F7przaS4RiylbKJgpq-o,Rooftop Cafe,,,https://lh5.googleusercontent.com/p/AF1QipN6ofFddQ2I0mxF7hSv592GY8MaHTNr9n4xYvh1=w408-h839-k-no,Kafe,"Kafe, Restoran",16.00-23.00,,,"Rooftop Cafe, Jl. Tebet Raya No.53, RT.3/RW.2, Tebet Tim., Kec. Tebet, Kota Jakarta Selatan, Daerah Khusus Ibukota Jakarta 12820",,https://www.google.com/maps/place/Rooftop+Cafe/data=!4m7!3m6!1s0x2e69f39aee057d95:0xeaab2998285b298b!8m2!3d-6.2283726!4d106.8551185!16s%2Fg%2F11ggnc3_r7!19sChIJlX0F7przaS4RiylbKJgpq-o?authuser=0&hl=id&rclk=1,"outdoor, indoor, modern cafe, meeting cafe, good views, smoking, nonsmoking, coffee, noncoffee",1,1,0,0,0,1,0,0,0,0,1,0,1,0,0,1,1,1,1,0
ChIJsQOmkgj0aS4RHs7WWNfPiZE,Infinite Cafe Jakarta,,,https://lh5.googleusercontent.com/p/AF1QipO-KIjEnHQS0QSYcyqGe36Z__2pqSSv5s07tfCH=w426-h240-k-no,Kafe,Kafe,07.00-19.00,"Sabtu, Minggu",(021) 5213110,"Infinite Cafe Jakarta, Wirausaha Building, Jalan Rasuna Said Kav C5 1st floor, RT.3/RW.1, Karet, Setiabudi, South Jakarta City, Jakarta 12920",,https://www.google.com/maps/place/Infinite+Cafe+Jakarta/data=!4m7!3m6!1s0x2e69f40892a603b1:0x9189cfd758d6ce1e!8m2!3d-6.2138529!4d106.8310654!16s%2Fg%2F11hcw5_4gm!19sChIJsQOmkgj0aS4RHs7WWNfPiZE?authuser=0&hl=id&rclk=1,"outdoor, indoor, meeting cafe, study cafe, meeting cafe, smoking, nonsmoking, coffee, noncoffee",1,1,0,0,0,0,0,0,0,0,1,0,0,0,0,1,1,1,1,0
ChIJmfUdzT7xaS4RmC5ZrzudiX4,Cafe 18,,,https://lh5.googleusercontent.com/p/AF1QipOBtQY5c0hIQthl5q0thD8PUOYQuqHvNUcdfjKZ=w408-h544-k-no,Kafe,Kafe,,,,"Cafe 18, Jl. Langsat I No.18, RT.2/RW.1, Kramat Pela, Kec. Kby. Baru, Kota Jakarta Selatan, Daerah Khusus Ibukota Jakarta 12130",,https://www.google.com/maps/place/Cafe+18/data=!4m7!3m6!1s0x2e69f13ecd1df599:0x7e899d3baf592e98!8m2!3d-6.2444847!4d106.7925021!16s%2Fg%2F11k4k4l4mt!19sChIJmfUdzT7xaS4RmC5ZrzudiX4?authuser=0&hl=id&rclk=1,"outdoor, indoor, minimalis cafe, modern cafe, meeting cafe, study cafe, good views, nonsmoking, coffee, noncoffee",1,1,0,1,0,1,0,0,0,0,1,1,1,0,0,0,1,1,1,0
ChIJf3dvwCT1aS4RHt8NU4_ajeg,Noah Cafe,,,https://lh5.googleusercontent.com/p/AF1QipOh5unt6vvC5fpTaM29LlHgsLzJEbuDp0WwmuuY=w408-h306-k-no,Kafe,Kafe,16.00-22.00,Minggu,0812-2353-6300,"Noah Cafe, Jl. Setiabudi Raya No.12, Kuningan, Setia Budi, Setiabudi, South Jakarta City, Jakarta 12910",,https://www.google.com/maps/place/Noah+Cafe/data=!4m7!3m6!1s0x2e69f524c06f777f:0xe88dda8f530ddf1e!8m2!3d-6.2106775!4d106.8232454!16s%2Fg%2F11t1rkt9qd!19sChIJf3dvwCT1aS4RHt8NU4_ajeg?authuser=0&hl=id&rclk=1,"indoor, modern cafe, meeting cafe, family cafe, nonsmoking, noncoffee",0,1,0,0,0,1,0,0,0,0,1,0,0,1,0,0,1,0,1,0
ChIJSSiBI8LxaS4RNNFCSObC2YE,FRIENDS 52 Cafe,,,https://lh5.googleusercontent.com/p/AF1QipODMQPQ13fl2_g2svgU1UiAE7uyeiFSw72P9QLB=w408-h255-k-no,Kedai Kopi,Kedai Kopi,13.00-03.00,,0856-1813-662,"FRIENDS 52 Cafe, Jl. Caringin Barat No.13, RT.15/RW.10, Cilandak Bar., Kec. Cilandak, Kota Jakarta Selatan, Daerah Khusus Ibukota Jakarta 12430",,https://www.google.com/maps/place/FRIENDS+52+Cafe/data=!4m7!3m6!1s0x2e69f1c223812849:0x81d9c2e64842d134!8m2!3d-6.2852592!4d106.792532!16s%2Fg%2F1yh5tbd5k!19sChIJSSiBI8LxaS4RNNFCSObC2YE?authuser=0&hl=id&rclk=1,"outdoor, good views, family cafe, smoking, nonsmoking, coffee, noncoffee, garden cafe",1,0,0,0,0,0,0,0,0,0,0,0,1,1,0,1,1,1,1,1
ChIJv5x7qDTzaS4RYDqjIbdI1G4,JW Eat Out,,,https://lh5.googleusercontent.com/p/AF1QipMZisReCq_UiF1zd6mHZOiUZ0AOJLxVxJ0I4F6-=w408-h306-k-no,Kafe,Kafe,08.00-20.00,,,"JW Eat Out, JW Marriott Jakarta RT.5, RT.5/RW.2, Kuningan, Kuningan Tim., Kecamatan Setiabudi, Kota Jakarta Selatan, Daerah Khusus Ibukota Jakarta 12950",,https://www.google.com/maps/place/JW+Eat+Out/data=!4m7!3m6!1s0x2e69f334a87b9cbf:0x6ed448b721a33a60!8m2!3d-6.227028!4d106.826944!16s%2Fg%2F11flc4w0fd!19sChIJv5x7qDTzaS4RYDqjIbdI1G4?authuser=0&hl=id&rclk=1,"outdoor, vintage, good views, nonsmoking, coffee, noncoffee, garden cafe",1,0,1,0,0,0,0,0,0,0,0,0,1,0,0,0,1,1,1,1
ChIJiw90zcj3aS4RoQA9YivPItA,Streetcafe_jkt,,,https://lh5.googleusercontent.com/p/AF1QipM2KHHLeCsMnABwy2PVz61MkVTg6BQd6kCuC4bY=w408-h306-k-no,Kafe,Kafe,17.00-23.00,Minggu,0878-6619-8218,"Streetcafe_jkt, Jl. Karet Pasar Baru Barat VII No.19, RT.13/RW.2, Karet Tengsin, Kecamatan Tanah Abang, Kota Jakarta Pusat, Daerah Khusus Ibukota Jakarta 10220",,https://www.google.com/maps/place/Streetcafe_jkt/data=!4m7!3m6!1s0x2e69f7c8cd740f8b:0xd022cf2b623d00a1!8m2!3d-6.2121466!4d106.8153449!16s%2Fg%2F11j4dz9m6p!19sChIJiw90zcj3aS4RoQA9YivPItA?authuser=0&hl=id&rclk=1,"outdoor, industrial cafe, smoking, nonsmoking, coffee, noncoffee",1,0,0,0,1,0,0,0,0,0,0,0,0,0,0,1,1,1,1,0
ChIJgRjK06TxaS4RBD-wD_3NM4c,Claudio Coffee,,,https://lh5.googleusercontent.com/p/AF1QipPd4AerhhJpCz_1H3p1dwNV-0qVwBLXU8VutImp=w408-h543-k-no,Kedai Kopi,Kedai Kopi,09.00-22.00,,0851-5989-7880,"Claudio Coffee, Jl. Gunawarman No.67, RW.7, Rw. Bar., Kec. Kby. Baru, Kota Jakarta Selatan, Daerah Khusus Ibukota Jakarta 12180",,https://www.google.com/maps/place/Claudio+Coffee/data=!4m7!3m6!1s0x2e69f1a4d3ca1881:0x8733cdfd0fb03f04!8m2!3d-6.2377528!4d106.8075287!16s%2Fg%2F11kc2l7ksc!19sChIJgRjK06TxaS4RBD-wD_3NM4c?authuser=0&hl=id&rclk=1,"outdoor, indoor, vintage, industrial cafe, smoking, nonsmoking, coffee, noncoffee",1,1,1,0,1,0,0,0,0,0,0,0,0,0,0,1,1,1,1,0
ChIJTW1sJjbzaS4R3dLZuM7aRVI,Holmes cafe,,,https://lh5.googleusercontent.com/p/AF1QipMPTSCW35IIC6niJp9o8S4SPMeR7jRGAZC5HCjo=w408-h544-k-no,Kedai Kopi,Kedai Kopi,,,,"QRHC+CP3 Holmes cafe, Jl. Karet Pedurenan, RT.9/RW.4, Kuningan, Karet Kuningan, Setiabudi, South Jakarta City, Jakarta 12940",,https://www.google.com/maps/place/Holmes+cafe/data=!4m7!3m6!1s0x2e69f336266c6d4d:0x5245daceb8d9d2dd!8m2!3d-6.2214803!4d106.8217846!16s%2Fg%2F11kq0ctv99!19sChIJTW1sJjbzaS4R3dLZuM7aRVI?authuser=0&hl=id&rclk=1,"indoor, vintage, minimalis cafe, meeting cafe, study cafe, nonsmoking, coffee, noncoffee",0,1,1,1,0,0,0,0,0,0,1,1,0,0,0,0,1,1,1,0