User_id,Email,Password,Name,Gender,age ,Kpopers,JapanLovers,AnimalLovers,Quite,MusicLovers,BookLovers,ArtLovers,ViewsLovers,CoffeeLovers,NonCoffeeLovers,groupsComer
1,cpapachristophorou0@elegantthemes.com,"uE9~"")TKtV.uYDvJ",Cam Papachristophorou,prefer not to say,41,0,1,0,1,1,1,1,0,0,1,1
2,sgreatbach1@cmu.edu,vA3{#>Fyt7,Sarina Greatbach,male,30,1,1,1,0,1,0,1,0,1,1,1
3,ssnalum2@irs.gov,hF6)Oay*M/s7j#&},Salomone Snalum,female,19,1,1,1,1,1,1,0,1,1,1,0
4,abrunton3@cyberchimps.com,"lF3)M""1c$w?F",Arleta Brunton,female,30,1,0,1,1,1,0,0,0,0,1,1
5,adukelow4@independent.co.uk,rB0}A`1b,Andonis Dukelow,female,42,0,0,1,1,0,1,0,1,0,1,0
6,mvarga5@nih.gov,qM8/8kD=2E4w>gPE,Marysa Varga,male,17,1,0,1,1,0,0,1,0,1,0,1
7,jdymock6@hubpages.com,sB5&e.Nu(k,Judah Dymock,prefer not to say,35,0,1,1,1,0,0,1,1,1,1,0
8,mdudman7@nsw.gov.au,xY0#NHKg5u,Miquela Dudman,male,41,0,0,1,1,1,0,0,1,1,1,1
9,rsallier8@mapy.cz,rO1&ep&jZf?D/,Raddie Sallier,male,34,1,0,0,1,0,1,1,0,1,1,0
10,brickett9@mediafire.com,pX9'9o_q4CtnIdd,Birgit Rickett,male,21,0,0,0,0,1,0,1,1,0,1,0
11,llamsheada@bizjournals.com,zY4#+~Va`l?pV,Leanna Lamshead,female,16,0,1,0,1,1,0,1,1,0,0,0
12,rcallardb@wufoo.com,iN9|5ud}mumUm,Rory Callard,prefer not to say,13,1,1,1,0,0,1,0,0,0,1,0
13,alovedayc@mashable.com,"nQ3=H~|x,X",Ali Loveday,female,42,0,0,1,1,1,1,0,1,0,0,1
14,drustmand@timesonline.co.uk,eB8>7G&S,Daphene Rustman,prefer not to say,15,1,1,0,0,1,0,0,1,0,1,1
15,kshamae@springer.com,bK7/+#A&,Kile Shama,male,36,0,1,1,0,1,1,1,1,1,1,0
16,ndunsiref@posterous.com,oY3$fGi..WDE=EO,Nikolaos Dunsire,male,18,1,1,1,0,1,0,0,0,1,1,0
17,kwalkleyg@trellian.com,"tN6|1Ba,>gRJ,",Karol Walkley,prefer not to say,28,0,0,0,0,1,1,0,0,0,1,0
18,lbaldih@ucla.edu,cH5=TL*Nucc<xTUL,Lurette Baldi,male,14,1,1,1,1,1,0,0,0,1,1,1
19,mnunneryi@weibo.com,qL1'PqV%t,Melloney Nunnery,prefer not to say,31,0,1,1,1,1,0,0,1,0,0,1
20,lwasielewiczj@mac.com,fC2'$a%Sv,Liz Wasielewicz,prefer not to say,38,0,0,0,1,0,0,0,0,1,0,1
21,kscullionk@geocities.jp,"dG0!mXn%sO""ij29",Kenon Scullion,male,16,1,0,1,0,1,0,1,1,0,0,1
22,gviantl@baidu.com,xH5%DRhUIkn6%i,Grantham Viant,prefer not to say,24,0,1,0,1,0,0,1,1,1,0,1
23,lkennellym@clickbank.net,nO0}$pox,Linet Kennelly,prefer not to say,15,0,1,0,0,0,0,0,0,0,1,0
24,kchootern@fema.gov,"bR9<vUE,l&F",Kacey Chooter,prefer not to say,26,1,0,0,1,0,0,0,1,0,0,0
25,kloddeno@plala.or.jp,eO9'kzJUyUH,Kalila Lodden,prefer not to say,17,0,1,0,0,1,1,1,0,1,1,1
26,cdockseyp@businesswire.com,"iS7~l7$v7@/6<""",Corrie Docksey,male,42,0,0,0,0,1,1,0,1,1,1,0
27,abrothwellq@youtube.com,"tC8(48w%,sY?",Ana Brothwell,male,43,1,1,0,1,1,0,0,1,0,0,0
28,edictusr@nsw.gov.au,"rJ1""e>p@~Sibl)k*",Eleonora Dictus,female,21,1,0,0,0,1,0,0,0,0,0,0
29,cholds@usda.gov,dE1=_%hVMlz,Cary Hold,prefer not to say,15,0,0,1,0,1,1,0,0,0,1,1
30,pheinot@thetimes.co.uk,xC8&ba/VM@R}YNl,Putnem Heino,female,41,1,1,0,0,1,0,1,0,1,1,1
31,crousselu@github.io,kP7>d%y*hg0si.(,Christye Roussel,male,9,1,1,1,0,0,1,1,0,0,0,1
32,rtinmouthv@deliciousdays.com,gX1?}fQSl,Rosella Tinmouth,male,37,1,1,0,0,0,0,1,0,1,1,1
33,truggieriw@sciencedirect.com,jO2\TdRT8,Tarra Ruggieri,female,33,1,1,1,0,1,0,0,0,0,0,0
34,ttuckx@statcounter.com,"cN0@W)M(>w%Q<j,",Tedman Tuck,prefer not to say,37,1,0,1,1,0,0,1,1,0,0,0
35,shakeworthy@ebay.co.uk,zP0_R*(>ao5%UR.`,Selle Hakeworth,prefer not to say,17,1,1,1,1,0,0,1,1,1,1,1
36,ocotthamz@is.gd,iR3_u7/k|M74KxP`,Olive Cottham,male,23,1,0,0,0,0,0,0,1,0,0,1
37,csenechault10@unesco.org,"gF0}XL,nk6",Carleton Senechault,prefer not to say,36,0,1,1,0,0,0,0,0,1,0,0
38,achadburn11@4shared.com,tB3`H#p'$!3&i~k,Alana Chadburn,prefer not to say,34,0,0,0,0,0,0,0,0,0,0,0
39,cbayliss12@phoca.cz,"yF8$lpoW,R}",Clayborn Bayliss,female,40,1,1,1,0,0,1,1,0,0,1,1
40,pbragg13@exblog.jp,zY6&_vb+#/,Pedro Bragg,male,26,0,1,0,0,1,1,1,1,0,0,1
41,smatuschek14@about.com,pL9}NFAW1#fubh,Shantee Matuschek,prefer not to say,17,1,1,0,0,0,0,0,1,0,1,1
42,arime15@mozilla.com,tO1&8fcn6C=,Ardyth Rime,prefer not to say,34,1,0,0,0,0,0,1,1,1,1,1
43,vleatherbarrow16@ustream.tv,wH7%5ko(d,Viki Leatherbarrow,male,14,1,1,1,1,1,1,0,0,1,0,0
44,mmcgibbon17@sina.com.cn,gH0<k4N0x<t),Maureene McGibbon,female,17,0,0,0,0,0,1,1,1,1,1,0
45,ecraisford18@1688.com,kC9!L@HmHCp(hon,Emmerich Craisford,female,19,0,0,1,1,0,1,0,1,1,0,1
46,jbereford19@symantec.com,aM2!5KqZbR`n,Joana Bereford,female,31,1,0,1,1,1,0,1,0,0,0,0
47,gbeesley1a@ocn.ne.jp,mF5\UsC}.ef,Guillemette Beesley,prefer not to say,25,1,0,0,1,1,0,0,0,0,1,0
48,cscoble1b@reuters.com,"uD0(_#6""_i!>%y_~",Clovis Scoble,male,25,1,0,1,1,0,1,0,1,1,0,0
49,jmoyne1c@soundcloud.com,gU8&A~qdp,Jacquelynn Moyne,male,42,0,1,1,0,1,0,0,1,1,1,1
50,rnanson1d@howstuffworks.com,iR0}6vd+tFpN*s,Raychel Nanson,male,37,1,0,0,1,1,1,0,0,1,0,1
51,jbraun1e@t.co,mL2?6W(s&S&~1k,Jeremias Braun,female,37,1,0,0,1,0,1,1,0,0,0,1
52,castle1f@sciencedirect.com,qG0%'K=$K,Court Astle,prefer not to say,9,1,0,0,0,1,0,0,0,1,0,1
53,bmichell1g@state.gov,fF3>x\uZ)jTL<,Brooke Michell,female,12,1,0,0,1,0,0,1,0,1,0,1
54,rbarwack1h@indiegogo.com,sK2)XDtH),Regina Barwack,female,43,0,1,1,0,1,0,0,0,1,1,0
55,chalfpenny1i@narod.ru,"hU9""AJc)""SETx?o",Carleen Halfpenny,female,34,1,1,0,1,0,0,1,1,0,1,1
56,etivenan1j@nih.gov,"kO3""V+DGQms)W~}",Edeline Tivenan,male,23,1,1,1,1,0,1,0,0,0,1,0
57,cpoyner1k@cocolog-nifty.com,"iZ0%tVY""mq32p#9$",Conney Poyner,female,17,1,0,1,0,1,0,1,0,0,1,0
58,tthurber1l@go.com,"tX4""\/8KqK6XC",Terencio Thurber,female,38,0,0,1,0,1,0,0,1,0,1,0
59,cavery1m@ucoz.ru,"tJ3`v,Hsn",Carmine Avery,male,41,0,0,1,1,0,0,0,1,0,0,1
60,esawdon1n@dot.gov,"lP7$M.n%,pMeM*C",Eran Sawdon,male,27,0,0,0,1,1,0,1,0,0,1,1
61,wlalor1o@ucsd.edu,nA3~{F4xdE|E(d,Wynnie Lalor,female,14,1,1,1,0,1,0,1,1,0,1,1
62,dleyrroyd1p@pinterest.com,wB9%lToo,Doria Leyrroyd,female,36,0,1,0,1,0,1,1,1,0,0,0
63,mnekrews1q@ca.gov,vN7=zk5Y,Min Nekrews,female,20,0,1,1,0,1,1,1,1,0,1,0
64,cdiem1r@wordpress.org,zW0}?~.ZJK,Cornall Diem,prefer not to say,37,0,1,0,0,0,1,1,1,0,1,0
65,msarfass1s@geocities.jp,rC2!{)59pkG,Meagan Sarfass,male,30,1,0,0,1,0,0,1,0,1,0,1
66,cavery1t@gmpg.org,bU8&f\m??R$1K%F,Carroll Avery,male,16,1,1,0,1,1,1,1,0,0,0,0
67,cshurmer1u@hc360.com,mU3=urb0_qIc,Colby Shurmer,male,9,0,0,0,0,0,0,1,1,1,0,1
68,pdomesday1v@businessweek.com,"tO2,oO$3=Zjw",Penelopa Domesday,male,29,0,1,0,1,1,1,1,0,0,1,0
69,cweal1w@prlog.org,mG3`7wQBRisn)#,Cicely Weal,male,23,0,1,1,0,0,0,1,1,0,1,1
70,jhendin1x@yolasite.com,"rJ1'._?HQd&""I",Jennilee Hendin,prefer not to say,12,1,0,1,0,0,0,0,0,0,0,1
71,cbarmadier1y@wikimedia.org,"oM2&~1u5?,0T$s3",Cornelius Barmadier,prefer not to say,23,1,1,1,0,1,1,0,1,0,1,0
72,aneno1z@friendfeed.com,nY6)5O6*,Alyss Neno,female,37,1,1,0,1,0,1,0,1,1,0,0
73,eclint20@liveinternet.ru,tI3|yva?b.,Evie Clint,male,9,1,1,1,1,0,1,1,1,0,1,0
74,thyams21@soup.io,bE2'0MSUOK`W>,Torey Hyams,prefer not to say,15,1,1,0,0,1,0,1,0,0,1,1
75,kelsworth22@gravatar.com,cB4!|KQwS8Vs*?N,Karole Elsworth,prefer not to say,38,1,1,1,1,1,0,1,0,0,1,0
76,eriggeard23@army.mil,xP8@|7DUkpA,Ethelda Riggeard,prefer not to say,23,0,1,0,1,0,1,1,1,1,0,1
77,ycowlas24@hhs.gov,nU7#N%!nAhnB`,Yulma Cowlas,prefer not to say,26,1,0,0,0,1,1,1,0,0,1,1
78,kmoncur25@guardian.co.uk,"zX7!Q""'G,|vQg",Kathie Moncur,female,38,0,0,1,1,1,0,1,0,1,1,0
79,jkibbey26@msn.com,eM7.cj@_@e>oh,Jacquette Kibbey,male,42,0,0,0,1,1,1,0,0,0,0,1
80,jrobardley27@ameblo.jp,"mL0%OWtttr""`",Jerry Robardley,female,27,0,1,0,0,1,1,1,1,0,1,0
81,dravens28@livejournal.com,aG5$R3q7>%G!4c,Demetrius Ravens,prefer not to say,24,0,1,1,1,1,0,1,1,1,0,0
82,thadingham29@boston.com,fW3(Kk~4Wqyv,Trev Hadingham,female,14,0,1,1,0,0,1,0,1,0,1,1
83,sgiorgietto2a@wired.com,sZ0#c=hM/)xz8y{,Shaw Giorgietto,female,42,0,1,0,1,1,1,1,0,0,1,0
84,jpickersail2b@acquirethisname.com,uC2|!oV)2,Julian Pickersail,prefer not to say,23,1,1,1,0,0,1,0,1,1,1,1
85,eharniman2c@acquirethisname.com,uH0/Sb/1eUoZ,Elijah Harniman,prefer not to say,10,1,1,1,1,0,1,1,1,1,1,0
86,sbrownsett2d@dell.com,"mL0,z3l(",Sheffie Brownsett,prefer not to say,10,0,0,1,1,0,0,0,1,0,1,0
87,gtilly2e@blogger.com,fN2<&RL),Giraldo Tilly,male,41,0,1,1,1,0,1,0,1,1,1,0
88,dnickell2f@earthlink.net,"dB1,vsj8!crY&e?",Den Nickell,female,21,1,1,0,0,1,1,0,1,0,0,1
89,ghenstridge2g@people.com.cn,tG9))SWuu%,Georgi Henstridge,prefer not to say,14,0,1,1,0,1,0,1,1,0,1,1
90,cgalletley2h@cbsnews.com,aS1\'w!WfydL_,Caye Galletley,prefer not to say,25,0,0,0,0,1,0,0,0,0,0,1
91,fneiland2i@plala.or.jp,pX3<nM5H,Frederica Neiland,female,13,0,1,1,0,1,0,0,0,1,0,0
92,rtape2j@wordpress.org,rG7!4G8@F#pKF,Rene Tape,prefer not to say,37,1,1,0,0,0,1,0,0,0,0,0
93,btuxill2k@histats.com,lU7(5|!cc,Benoit Tuxill,female,35,1,0,0,1,1,1,0,0,0,1,1
94,kgery2l@quantcast.com,hD0`%4fuV7Wk@7n,Karola Gery,male,17,1,0,0,0,1,0,0,0,1,1,1
95,fspacy2m@yolasite.com,"uY6,JkCSKi7+5o=7",Faulkner Spacy,male,39,1,0,0,1,1,0,1,0,1,0,1
96,ngilfillan2n@blogs.com,fM8>U8ulwnK,Ned Gilfillan,female,27,1,1,1,0,0,1,1,0,0,1,1
97,wplunkett2o@seesaa.net,mA0{l}vM/,Wynn Plunkett,male,18,0,0,0,1,1,1,1,1,1,1,1
98,ekelleher2p@t.co,zU1{P3TD?i,Ellsworth Kelleher,male,30,1,1,0,0,0,0,0,1,1,1,0
99,fbarnewille2q@bigcartel.com,"bJ8""X&86_z/I",Friedrich Barnewille,female,23,1,0,0,0,0,1,0,1,0,1,0
100,dacosta2r@meetup.com,hX1|SKcO,Danni Acosta,female,17,1,0,0,1,0,0,0,0,1,0,1
101,ocacacie2s@miibeian.gov.cn,qK0~EBm$,Owen Cacacie,female,43,1,1,1,1,0,0,1,1,1,0,0
102,wcare2t@shop-pro.jp,eD5+DX(XL!2,Wainwright Care,female,18,0,0,0,1,1,0,0,0,1,0,1
103,asaggers2u@globo.com,"tX4'0)TrnC""oPT",Aeriell Saggers,prefer not to say,13,0,0,1,1,0,1,0,1,0,1,1
104,dcuffe2v@netlog.com,lB9'=4hc,Diane Cuffe,prefer not to say,42,1,0,0,0,0,0,0,1,1,0,0
105,kroof2w@msu.edu,dG1|FD8()d5,Karoly Roof,prefer not to say,32,1,1,0,1,1,0,1,0,0,1,1
106,kmellmoth2x@theguardian.com,oQ2)%`r(V3nUQ}Cj,Karie Mellmoth,prefer not to say,28,0,0,0,1,1,0,0,0,1,0,1
107,mseywood2y@abc.net.au,aK8/do3Cw5<<24Vs,Martainn Seywood,prefer not to say,32,1,1,1,1,0,0,1,0,0,0,1
108,cewbanks2z@rakuten.co.jp,dT4)D3(fY,Cobby Ewbanks,prefer not to say,25,0,1,1,1,1,1,0,1,1,1,1
109,lmalecky30@latimes.com,uO8<SLpI},Lilia Malecky,male,22,0,0,0,1,0,0,1,1,1,1,0
110,jdaingerfield31@a8.net,lG8<AOfOVJ*_$=,Julio Daingerfield,male,29,1,0,1,0,0,0,0,1,0,0,0
111,gedgett32@imdb.com,uI0>fjfq,Gray Edgett,prefer not to say,20,0,1,1,0,1,1,1,1,0,0,1
112,hedge33@discovery.com,"xI8+JI,s",Hayden Edge,female,9,0,1,0,0,0,1,0,1,0,0,1
113,astopher34@sfgate.com,rZ6?bAZoSH@,Ana Stopher,prefer not to say,21,1,0,1,1,1,1,1,0,1,0,0
114,fshortcliffe35@ycombinator.com,aR3/aZw{BQ#,Frankie Shortcliffe,female,16,0,1,1,0,1,1,1,1,0,1,1
115,gbluschke36@pbs.org,nD2?x1!A4sJ/C,Gertrude Bluschke,prefer not to say,37,0,0,0,0,0,0,1,1,0,1,1
116,gsteiner37@ehow.com,"hS3<Px?V/p,xJIjq",Gertrud Steiner,female,19,1,1,1,0,0,1,1,1,1,1,0
117,jmilnes38@intel.com,tR6$JyS=,Jae Milnes,male,23,1,0,0,0,1,1,1,1,0,0,1
118,sbrasener39@mail.ru,cT5*Ft0kFy,Silas Brasener,male,9,1,1,1,1,0,0,0,1,1,1,0
119,cdietzler3a@umn.edu,eO9&5R%TQR/.,Clyve Dietzler,female,16,1,0,1,0,0,0,0,1,0,1,1
120,hde3b@meetup.com,"tJ3<bT""kQD)~8%Zk",Harley De Bruijn,male,34,1,0,0,0,1,1,0,1,0,1,0
121,cschistl3c@stumbleupon.com,fI7><TS4>l,Carmela Schistl,female,39,0,1,0,1,1,1,1,0,1,0,0
122,cmurty3d@plala.or.jp,fR0}shTeG,Cariotta Murty,male,9,0,0,1,0,0,0,0,1,0,1,0
123,tgrocutt3e@umn.edu,"vV6|gjN2$rt""hV'~",Toinette Grocutt,male,14,0,1,1,1,0,1,0,1,1,0,1
124,ebaress3f@opera.com,jR2*60dGs)Lxb,Estele Baress,male,35,0,1,1,0,0,0,0,1,0,0,0
125,fbracci3g@twitpic.com,yL0(/a(&,Fremont Bracci,female,10,1,1,0,0,1,0,1,0,0,0,0
126,pmurrells3h@jugem.jp,qS3?)SFxv,Porty Murrells,male,40,1,1,1,0,1,0,0,0,0,0,1
127,mbrackpool3i@house.gov,zJ6_/q`7eQt1i1`=,Meir Brackpool,female,22,0,0,1,0,1,0,1,1,0,0,1
128,tstanbridge3j@un.org,sI4~e\VN~,Timmi Stanbridge,prefer not to say,41,1,1,0,0,1,0,0,1,0,1,1
129,cbaton3k@google.fr,wP3!7\RN|,Cosimo Baton,prefer not to say,37,1,0,1,1,1,1,0,1,0,1,0
130,aeldredge3l@wufoo.com,rP7+@t4wN,Arthur Eldredge,female,21,1,1,1,0,0,0,0,0,0,0,1
131,bjerrome3m@blog.com,eB5%i8U'RubeU,Bordy Jerrome,female,30,1,1,1,0,0,1,0,1,0,0,0
132,ntomankowski3n@apple.com,iR7_o9aZAW,Nancee Tomankowski,male,19,0,1,1,0,0,0,0,1,0,0,1
133,ljollye3o@bing.com,iH4!L~uHr|9Tjh4h,Lib Jollye,female,14,0,0,0,0,0,0,0,0,1,0,0
134,mfriend3p@wikipedia.org,oA5$K3s5.v,Marshall Friend,male,32,0,1,1,0,0,0,1,0,1,1,0
135,pbootes3q@statcounter.com,tG6=REeOT,Paloma Bootes,female,16,1,0,0,0,0,0,0,1,0,0,1
136,sgoodacre3r@dyndns.org,"xN0,5{ke~wGVP",Shel Goodacre,female,41,0,1,0,0,0,0,0,0,0,0,0
137,lbellin3s@ask.com,"cT6"".7NhZW""r",Lyn Bellin,male,43,0,0,0,1,1,1,1,1,1,1,0
138,lfobidge3t@diigo.com,cB6~PkP6nG>)`Xnh,Lida Fobidge,prefer not to say,22,1,1,0,1,1,0,0,1,1,1,0
139,dchrispin3u@thetimes.co.uk,wE2@|D?oX,Dorine Chrispin,female,31,1,0,0,1,1,0,1,1,1,0,1
140,nwyke3v@sakura.ne.jp,wK4%/*20gz1,Nikita Wyke,prefer not to say,18,1,0,0,1,0,1,1,0,0,0,0
141,idi3w@utexas.edu,"dM4<jdGWB7EB,v<",Iago Di Bartolommeo,female,42,1,1,1,0,0,1,0,0,1,1,1
142,jbuddock3x@google.com.hk,pG4%5KIS,Jeanine Buddock,female,22,1,1,1,0,0,1,0,1,1,1,0
143,mbuyers3y@is.gd,"xV6""""&#*",Milicent Buyers,male,30,0,0,0,1,0,0,0,1,0,0,0
144,lfluger3z@etsy.com,nO1+9/'s$Qsg,Lorilyn Fluger,male,22,0,1,0,1,1,1,0,1,0,0,1
145,mmercik40@wp.com,tP5)fbcs=,Merilee Mercik,prefer not to say,20,0,1,0,0,1,0,0,1,1,0,0
146,krowcastle41@va.gov,oX7{nP<.?b74&1},Klement Rowcastle,male,13,1,1,1,1,1,0,0,1,1,1,1
147,wrooze42@feedburner.com,yP4(ta6Z,Walton Rooze,prefer not to say,33,0,1,0,1,1,0,1,0,0,0,1
148,fschukert43@about.me,"pY4}VIe#,rdaD=",Farah Schukert,male,35,0,0,0,1,0,1,0,0,0,1,1
149,mbirmingham44@ning.com,bE1{1aH/,Mateo Birmingham,female,43,0,1,1,0,0,1,0,0,0,0,0
150,lashelford45@blogtalkradio.com,dY9_#EUV5s/r9vFt,Latrina Ashelford,male,43,1,1,1,0,0,1,1,0,0,0,0
151,afarnin46@army.mil,iH6\ukiF6Dj&),Anna-diana Farnin,prefer not to say,15,1,1,1,1,1,1,1,1,0,1,1
152,jgarret47@issuu.com,"wN8.`.~a%Z5,D`!F",Jude Garret,male,33,0,0,0,0,1,0,1,1,1,1,1
153,hmcdowell48@narod.ru,bL4)9+xJak,Herb McDowell,female,25,0,1,0,0,0,1,0,0,0,1,0
154,bmoizer49@macromedia.com,aE6|Xl8_X,Brod Moizer,female,30,0,0,1,0,1,1,1,1,0,0,0
155,nhazelhurst4a@pcworld.com,hG1(a')M,Noble Hazelhurst,female,39,1,1,1,1,1,0,1,0,1,1,0
156,dkilbey4b@slideshare.net,uC7.Q0i&dm98f6@d,Deena Kilbey,prefer not to say,26,1,1,0,1,1,1,0,1,0,1,1
157,ealdrich4c@opera.com,"lT2!H<,z~In",Elise Aldrich,female,25,0,1,0,1,0,0,0,1,1,1,1
158,cbraithwait4d@state.gov,hS2<D(ve,Cirstoforo Braithwait,female,25,1,0,1,0,0,1,0,1,0,0,1
159,atoye4e@wordpress.org,qE1\YXMCzCr,Aksel Toye,female,27,0,1,0,0,1,1,1,1,1,1,0
160,rjakubiak4f@webnode.com,kI9_$XS+<,Rudie Jakubiak,male,19,1,0,1,0,1,0,1,0,0,1,0
161,wvan4g@clickbank.net,jJ7(s}'PSq,Winfield Van Leeuwen,female,21,1,0,1,0,1,0,0,0,1,1,0
162,opapaminas4h@skyrock.com,"tS7,%k)\o#T",Oran Papaminas,female,14,0,1,0,0,1,0,0,1,1,1,1
163,bnewcom4i@xrea.com,dV7*CCz{1@&`73t~,Bertrand Newcom,prefer not to say,17,1,0,0,0,0,1,1,1,1,0,1
164,obenedict4j@oakley.com,pJ2/NYH}#(H,Odell Benedict,female,34,1,1,1,1,1,1,1,0,1,0,0
165,dpenritt4k@lulu.com,"pI6=B1X""",Demetris Penritt,prefer not to say,9,0,1,0,0,0,0,0,1,1,0,1
166,gstuther4l@furl.net,bZ8_Hl$|MA2,Gerhard Stuther,prefer not to say,19,1,1,1,0,1,1,0,1,1,0,1
167,ofilipiak4m@livejournal.com,"zE2>,e?#\x",Osborn Filipiak,male,18,1,0,0,0,0,0,0,0,0,1,1
168,tfrancecione4n@dagondesign.com,mO1}!=89|&z'?&i,Tully Francecione,male,17,0,1,1,1,0,0,0,0,0,0,0
169,ohedin4o@scientificamerican.com,kP7?*W8|,Olive Hedin,prefer not to say,26,1,0,0,1,0,0,0,1,1,0,0
170,htschirschky4p@netscape.com,vO2(nGbJ7qk.qy1/,Hugibert Tschirschky,male,40,1,1,0,0,1,0,1,0,0,0,0
171,ahampshire4q@usgs.gov,hQ7{'tc!v_s~)h\,Ase Hampshire,female,17,1,1,1,0,0,1,1,1,1,0,0
172,wcancellor4r@youtu.be,"cK2,G?K5H.t'f}i",Wyndham Cancellor,male,25,0,0,0,1,1,1,0,1,1,1,0
173,cjinda4s@house.gov,eB3=\NIw,Chiquia Jinda,female,30,1,0,0,1,0,1,1,1,0,1,0
174,fosherin4t@ezinearticles.com,"cG7""yY%/Q(UQ){M=",Fernanda O'Sherin,male,31,1,1,1,0,1,0,1,0,1,1,1
175,kmelding4u@paypal.com,"dF6,D""4LyjO",Kahlil Melding,male,9,0,0,1,1,0,1,0,1,1,1,1
176,tbettley4v@blinklist.com,rH9_dJW6I!h9j',Taddeusz Bettley,prefer not to say,31,1,0,0,0,0,0,1,1,0,1,1
177,gmcclinton4w@t.co,vW5$n0MKM8ey@u,Gabriele McClinton,female,37,0,0,0,0,0,0,0,0,1,0,0
178,gnorree4x@nymag.com,xD6&uiBecmA=,Gram Norree,male,41,1,0,0,1,1,1,1,0,0,1,1
179,ocroome4y@desdev.cn,gZ3`Y+|3'vp,Oliy Croome,female,36,1,0,0,0,0,0,1,0,1,1,0
180,jgooch4z@storify.com,"bU0@(dO""('xq=zQ!",Josepha Gooch,prefer not to say,21,1,0,1,1,0,0,0,0,1,1,1
181,lpadden50@dailymotion.com,qD9'g}9n\,Llewellyn Padden,male,34,1,0,0,1,1,0,0,1,0,0,1
182,svan51@de.vu,uR7~xZDH#2,Saundra Van Arsdalen,female,13,0,0,0,0,0,0,1,0,1,1,0
183,sbigg52@cnet.com,nV9&Ggoj,Saudra Bigg,male,17,1,1,1,1,0,1,1,0,1,0,1
184,mvondruska53@etsy.com,cK0(Kd2Tw6,Marc Vondruska,male,31,0,0,1,0,1,1,0,0,0,1,0
185,cropert54@csmonitor.com,fE4(ggvNhRH,Charlton Ropert,prefer not to say,18,1,1,1,1,0,0,1,0,0,1,0
186,erushbrooke55@google.fr,mJ3{$AfFRCNvV,Ephraim Rushbrooke,female,11,1,1,1,0,0,1,0,1,1,1,1
187,acasoni56@mozilla.org,zJ7%uB|t,Aldric Casoni,male,10,1,0,1,1,0,1,1,0,1,1,0
188,lsatchel57@businessinsider.com,"kI4""2M{`rGwz",Lindsay Satchel,prefer not to say,36,1,1,0,0,0,0,1,0,1,1,0
189,pselburn58@tumblr.com,hY9#*GXa5f<ez,Paulita Selburn,female,37,0,0,1,1,0,0,1,0,1,1,0
190,kmcritchie59@arstechnica.com,zU8~DXHS`DrC,Kiah McRitchie,male,15,0,0,0,0,0,0,0,1,1,1,1
191,glait5a@mit.edu,"bN2.rm5q~,Nr{B}",Gertrudis Lait,female,18,1,1,0,0,0,1,0,1,0,1,0
192,cmckomb5b@eventbrite.com,cZ1>S.Rv/K,Care McKomb,male,18,0,0,0,0,0,1,0,1,0,0,1
193,pflasby5c@myspace.com,gN9#s2~=_dO,Peadar Flasby,prefer not to say,33,0,0,1,1,1,1,0,1,1,1,1
194,vjope5d@comsenz.com,vM9*qMwZUG@a%xr,Viola Jope,prefer not to say,42,0,1,1,0,0,1,1,1,0,1,0
195,pgallemore5e@rediff.com,dN9&BPheO+,Pooh Gallemore,prefer not to say,15,0,1,0,1,1,1,0,1,1,1,0
196,pfoystone5f@blog.com,xD6>E`QtdA)56Y,Port Foystone,prefer not to say,27,1,1,1,1,1,1,1,0,1,0,1
197,ecosyns5g@guardian.co.uk,hY5'~6=Av8X'3,Ermin Cosyns,prefer not to say,15,1,0,1,1,0,1,1,1,1,0,0
198,vmariot5h@marketwatch.com,bN1)'Y((uibs_>0A,Vinita Mariot,male,41,1,0,0,1,1,1,1,1,1,0,0
199,cscullard5i@amazon.co.jp,sB6\Oo|q,Cybill Scullard,prefer not to say,37,1,0,0,1,1,1,1,0,1,0,0
200,bgould5j@jugem.jp,qD9@_?Q98IY~Uw,Bobbi Gould,prefer not to say,23,1,0,0,1,0,1,0,0,0,1,1
201,gchittie5k@mapquest.com,rI4/I>@VBDT,Gus Chittie,male,16,1,1,0,1,0,0,1,0,0,1,0
202,wainslee5l@cocolog-nifty.com,cN1_L46/0h<sP,Wyn Ainslee,prefer not to say,23,1,0,1,1,0,0,1,0,0,0,0
203,ichennells5m@reddit.com,tT6*T4M?wD688ns,Inger Chennells,prefer not to say,25,0,0,0,1,0,0,0,0,1,0,1
204,fcorbishley5n@globo.com,rL5(EQ/Y6zj#8e2,Forest Corbishley,female,18,0,0,0,0,1,1,1,1,0,0,1
205,jantoszewski5o@engadget.com,hS2`U}oViM,Janeta Antoszewski,male,37,0,1,0,0,1,1,0,1,0,1,1
206,hsawday5p@utexas.edu,kY8\BhRjKeC,Herbie Sawday,male,26,0,0,1,0,0,0,1,0,1,0,1
207,hkausche5q@nsw.gov.au,xC3#o?DT9d6__k6,Honor Kausche,prefer not to say,38,0,0,0,1,1,0,0,0,0,1,1
208,htabourin5r@gravatar.com,fD5_!lXFp,Hewet Tabourin,prefer not to say,40,1,0,1,0,0,0,1,1,0,0,0
209,lhubery5s@nature.com,hM5'uQ}&g|H$(I%,Laurens Hubery,female,14,0,1,1,0,0,0,0,1,0,0,0
210,lemmert5t@is.gd,zE8(K+'*M,Loren Emmert,female,26,1,0,1,0,0,1,0,0,0,1,1
211,bwolfindale5u@tripod.com,qY7}'@eL|cdZcdc,Bell Wolfindale,female,33,0,1,0,0,1,1,0,0,0,0,0
212,jo5v@nationalgeographic.com,nE7'r<'|Xh\,Junina O Mullen,male,25,1,0,1,0,0,0,1,1,1,0,1
213,waskem5w@eepurl.com,"rF6,dd2%k,(&9Zww",Winn Askem,prefer not to say,25,0,0,1,1,0,1,1,1,1,0,1
214,imc5x@spotify.com,xO1'G%bF6wAM0,Ira Mc Carrick,male,37,1,1,1,0,1,1,1,1,1,0,0
215,ovanini5y@senate.gov,oA5_RXqOG,Ondrea Vanini,prefer not to say,36,0,1,0,0,1,0,0,1,1,0,1
216,jsantora5z@1und1.de,cO0%p0U@n,Jacklin Santora,male,23,1,0,0,0,0,0,0,1,0,1,0
217,nbaynard60@state.gov,xR2.4)hwXa7vrwe\,Nilson Baynard,prefer not to say,35,0,0,1,0,1,1,0,1,0,0,1
218,jsmooth61@google.com.hk,xB3/&\_'s!,Jayne Smooth,male,37,1,1,1,0,1,1,0,0,1,1,1
219,gashling62@canalblog.com,rX6#jqX}cpb9mX{,Ginny Ashling,female,28,1,1,1,1,1,1,1,0,0,0,0
220,iheustace63@1und1.de,dN7_szvemfv39&,Isidore Heustace,prefer not to say,27,1,0,0,0,1,1,1,1,0,0,0
221,xbowness64@amazon.co.jp,"bW6',,n=*\",Xenia Bowness,male,28,0,1,1,1,1,1,0,0,0,1,1
222,amckimmie65@utexas.edu,bR0`&(Gd@S2,Anet McKimmie,male,11,0,1,0,1,1,1,1,0,1,0,0
223,dgulleford66@fda.gov,"wR0{q.$""=Y*y)cl",Der Gulleford,female,28,1,0,0,0,0,0,1,1,1,0,0
224,mamott67@wikipedia.org,uL6/=o4K,Mellisa Amott,prefer not to say,26,0,0,1,0,1,0,0,0,0,1,1
225,mmckelloch68@quantcast.com,rR2/h*=/(6)H0,Mahmoud McKelloch,male,24,1,0,1,1,1,1,0,0,0,1,0
226,aslimon69@live.com,"iQ4""YKO{6{3`41t",Annamarie Slimon,male,27,1,1,0,1,0,0,1,0,0,0,1
227,dchittock6a@blogtalkradio.com,jD3+ZEgR90U5,Diena Chittock,male,27,1,0,0,0,1,0,1,1,1,0,1
228,lcupper6b@privacy.gov.au,iD7|k?%Pw,Lorenzo Cupper,female,10,0,0,0,1,1,0,0,1,0,0,0
229,atassell6c@dion.ne.jp,sU3>_<K\)qG\)/(2,Amargo Tassell,male,34,0,0,1,0,1,0,0,0,1,0,0
230,bburnett6d@smh.com.au,eW3~(oT$<,Bessie Burnett,male,12,1,0,1,1,1,0,0,1,1,0,1
231,ahuish6e@webmd.com,"gU2`EL7Di~xk.@""",Arlinda Huish,female,17,1,1,0,0,0,1,1,1,1,1,1
232,olints6f@baidu.com,wO3(U}BSB,Odelle Lints,female,27,1,1,0,1,0,1,0,0,1,1,1
233,gjoddens6g@theglobeandmail.com,wU7%ht5%?!hK1,Gilburt Joddens,prefer not to say,11,0,0,0,1,0,0,1,0,1,1,1
234,dstockau6h@seesaa.net,jB5@4!bG)3B,Damiano Stockau,female,30,1,0,1,0,0,0,1,0,0,1,1
235,jarboine6i@constantcontact.com,"uR4#n<gUXC?V""nc0",Jamil Arboine,male,24,1,1,1,0,1,0,0,1,0,0,1
236,jgilhooly6j@google.es,fJ4<d&%gFDgz,Jannelle Gilhooly,female,15,1,1,0,1,1,0,1,1,0,1,0
237,hperrygo6k@utexas.edu,"aG8/HJ.uf""F(OC5",Holden Perrygo,prefer not to say,34,1,0,1,1,0,1,1,0,0,0,1
238,babercrombie6l@quantcast.com,"qO0*t,>r""yQOd9.",Burg Abercrombie,prefer not to say,12,1,0,0,0,1,0,0,1,1,0,0
239,jsebire6m@friendfeed.com,hM2|0~}Xz,Johnath Sebire,prefer not to say,36,1,0,0,1,0,0,1,1,1,0,0
240,neldredge6n@pcworld.com,pC2%ZJo7j&h#c.,Niko Eldredge,female,28,0,0,0,1,0,0,1,0,0,1,0
241,lcamplen6o@tinyurl.com,uN3&#I3G3Nw|,Langston Camplen,prefer not to say,11,1,0,0,1,1,0,0,0,1,0,1
242,pclementet6p@mlb.com,sR3|Qgc1a05,Perle Clementet,male,10,1,0,1,1,0,1,1,0,1,1,1
243,kfloweth6q@sbwire.com,"jW9!.Z9Hn@""_iXC+",Kamillah Floweth,male,27,1,0,0,1,0,0,1,1,0,0,1
244,tlivick6r@psu.edu,rX2*+5Yng.,Travus Livick,male,23,0,0,1,0,1,0,1,1,1,1,0
245,lcallister6s@webeden.co.uk,tL4@nq9wCvyQ,Lorilee Callister,female,34,1,0,0,0,1,0,1,1,0,0,0
246,dhurrion6t@icio.us,pV3@6w+)q&thNv,Dael Hurrion,male,9,1,1,1,1,1,1,0,1,0,1,0
247,bratazzi6u@ameblo.jp,vE7}!vyilwnQ,Burnaby Ratazzi,prefer not to say,9,0,1,1,0,0,1,1,1,1,0,0
248,vmccurlye6v@smh.com.au,lV5+E819c}C1GuV,Van McCurlye,male,20,1,0,0,1,0,0,0,1,0,1,1
249,ple6w@prnewswire.com,eK1~55A=aK,Parker Le Provest,male,25,0,0,0,1,1,0,0,0,1,0,1
250,lalliband6x@arizona.edu,jH7<wx1%.&IsAf,Lorettalorna Alliband,prefer not to say,17,0,0,1,0,1,1,1,0,0,1,0
251,tmattiacci6y@mac.com,"nH7,e)TX}6",Teddie Mattiacci,prefer not to say,26,0,0,1,0,1,1,1,0,0,0,1
252,dbonafacino6z@japanpost.jp,pK6#?&F}AvXv<Hxt,Darcy Bonafacino,male,29,0,1,1,0,0,1,0,1,0,0,1
253,eberget70@engadget.com,"yZ9&oZ/`KG4%""",Elyn Berget,female,43,1,0,0,1,0,1,1,0,1,0,0
254,cmacsweeney71@jugem.jp,"aN5,pc0%w",Clerkclaude MacSweeney,female,25,1,1,1,0,1,0,0,1,0,1,1
255,bmcfayden72@tripadvisor.com,"wX1&T6!xHZ<,RpSB",Brandyn McFayden,male,27,1,0,0,1,0,0,1,0,1,0,1
256,gtibols73@discuz.net,"qK9""(}).n>hYG",Ganny Tibols,male,39,1,1,0,0,1,0,1,0,0,0,1
257,cgrigs74@paginegialle.it,bT3'vb8oL/,Cointon Grigs,female,19,1,1,0,0,0,1,1,0,0,1,1
258,amonckman75@bravesites.com,yU7@>*=)AFyc</,Alanah Monckman,prefer not to say,12,0,1,0,0,1,0,0,1,0,0,1
259,gle76@aol.com,"gJ7|M.,*lIqxuhv$",Garrek Le Sieur,female,39,0,0,1,0,1,0,1,0,0,0,0
260,rshoard77@sohu.com,"jJ0""g2yyUQ~1>'F",Rubina Shoard,prefer not to say,29,0,1,0,0,0,1,1,0,1,1,1
261,cgranleese78@illinois.edu,uS8__OJHP3IV~ckV,Corey Granleese,prefer not to say,29,0,0,0,1,0,0,1,0,0,1,1
262,rmendonca79@de.vu,dU3)s#IcYo)G<7$,Rudolph Mendonca,male,21,0,1,1,0,0,0,1,0,1,0,1
263,cvittore7a@canalblog.com,gE2<W$>T~35ZF*$b,Clem Vittore,male,31,1,0,0,0,0,0,0,0,1,0,0
264,wtrattles7b@fastcompany.com,uC8+CjZvsBR#Z\fz,Wallie Trattles,female,14,1,0,0,0,1,1,1,1,0,1,0
265,nmccrudden7c@phpbb.com,"uL5""8>4r.",Noelyn McCrudden,male,9,0,0,0,1,0,0,0,0,0,1,1
266,rearney7d@umich.edu,kI1$Sq\5>',Ric Earney,male,25,0,1,1,0,1,1,1,1,1,0,0
267,wbatalini7e@timesonline.co.uk,yF0>`.EI``>ax,Welbie Batalini,male,12,1,0,0,1,1,1,1,1,1,0,0
268,mstockwell7f@tripod.com,eT8?pkOXQQk,Mercedes Stockwell,male,14,1,0,1,0,1,1,0,1,0,0,0
269,mtraher7g@goo.gl,"qR0""HFNWY{t{2ui|",Mair Traher,male,37,1,0,0,1,1,1,1,1,1,1,1
270,whartrick7h@wordpress.org,eX1!uYr#E%S#3B*,Wallie Hartrick,female,10,0,0,0,1,1,0,0,1,1,0,1
271,cgillmore7i@vimeo.com,"pK5(bm#a{Su?""q",Con Gillmore,male,21,1,1,1,0,1,0,1,1,1,0,1
272,nshenfish7j@angelfire.com,"wT1=IZ@Tldy$R""",Nada Shenfish,prefer not to say,21,1,0,1,0,1,0,1,1,0,1,1
273,nshore7k@abc.net.au,nT0_icH%S,Noach Shore,prefer not to say,26,0,0,1,0,1,1,1,1,0,0,0
274,nczaple7l@issuu.com,nM1{L*FiH,Nicolina Czaple,male,27,1,1,1,1,0,1,1,0,1,1,1
275,kdecourcy7m@ted.com,eJ0|RpUGU,Konstantin Decourcy,male,16,1,1,0,1,1,1,0,1,1,1,1
276,prankcom7n@bloglines.com,bA3{@sDhfj$NfQJ2,Pincus Rankcom,prefer not to say,37,0,1,0,1,0,0,0,1,1,1,1
277,podonegan7o@weibo.com,lZ4%~`{p0~d9_,Pavlov O'Donegan,male,17,1,1,1,0,1,0,0,0,0,0,1
278,kfridd7p@mediafire.com,tH1(c6.!$$k5zP,Karyl Fridd,male,37,1,0,1,1,0,1,0,1,1,1,0
279,rabramovitch7q@hostgator.com,qK5/){&N3,Rayna Abramovitch,male,41,0,0,0,0,0,1,1,1,1,1,1
280,ddilleston7r@wunderground.com,vG3%Fga3Is.9,Doe Dilleston,prefer not to say,43,0,0,0,1,1,1,1,1,0,0,1
281,clouch7s@hibu.com,uE3$u}J=UnJV~&K,Constancy Louch,male,16,0,0,1,1,1,0,0,0,1,0,0
282,jcastagna7t@infoseek.co.jp,"tS8""""SOvSy",Jeffie Castagna,female,17,1,1,1,0,0,0,1,0,0,0,0
283,gchristofides7u@indiegogo.com,cL8?ycqeJIa,Giulio Christofides,prefer not to say,28,0,0,0,1,1,1,1,0,1,1,1
284,wdust7v@xrea.com,"oC0\""4.Uql8nfP",Waldo Dust,prefer not to say,15,1,0,0,1,0,1,0,1,1,1,0
285,achudleigh7w@theguardian.com,xC5}3=Px.TLOW2,Allin Chudleigh,prefer not to say,9,0,0,1,1,1,0,1,1,1,0,0
286,rsollner7x@cam.ac.uk,iP1<5f41edPh,Rosabella Sollner,female,28,0,0,1,0,0,1,0,1,1,0,0
287,nmacdiarmond7y@amazon.co.jp,bZ7?FF4'f_p>W,Neysa MacDiarmond,female,34,0,0,1,0,1,0,1,1,1,1,1
288,fgreste7z@tripadvisor.com,kW6}#}1NsBkW)D\#,Fara Greste,prefer not to say,37,0,1,1,1,0,0,1,1,1,1,1
289,tepton80@wisc.edu,gY5`Tl}hZ2+GF,Tommy Epton,male,42,0,0,1,0,1,1,0,1,1,1,1
290,dnobbs81@japanpost.jp,zW1=9Yc_m7i,Debbi Nobbs,male,23,0,1,1,0,1,0,0,0,1,0,1
291,psailer82@wired.com,"pJ0}~+S9*,h",Pete Sailer,female,22,1,1,1,1,0,0,1,0,1,0,1
292,romrod83@census.gov,fB3`kNdf1!o,Reid Omrod,prefer not to say,30,0,1,0,1,0,1,1,0,1,0,0
293,amacintosh84@toplist.cz,"nQ3{%+=HZ,=V!",Ashlin MacIntosh,male,21,0,1,0,1,1,0,0,0,0,0,1
294,jfoker85@narod.ru,xX7!s6v<,Jason Foker,prefer not to say,35,1,1,1,0,1,1,1,1,1,1,1
295,rcroft86@w3.org,uT1&*x~Wt5)K&N#,Rosaleen Croft,male,39,0,1,1,1,1,1,0,1,1,0,0
296,aogeaney87@github.com,wF5|gb~f,Angelle O'Geaney,prefer not to say,21,0,1,1,0,0,1,0,1,0,0,0
297,cbacchus88@msn.com,rE0/DiU`7ZBT?,Charissa Bacchus,prefer not to say,15,0,1,1,1,0,0,0,0,0,0,0
298,ugligoraci89@cnbc.com,iQ3@V{Cr+AE7`?73,Ulrich Gligoraci,prefer not to say,30,1,1,1,0,1,1,1,0,1,0,0
299,bdulen8a@ca.gov,mC8!O}NROmjE,Brooke Dulen,prefer not to say,31,0,1,0,0,0,1,1,0,0,1,0
300,daleksashin8b@aol.com,oO2!EM`BgkJs,Denice Aleksashin,prefer not to say,21,1,1,1,0,1,0,0,0,0,0,0
301,fjakes8c@1und1.de,sY0#LRodz,Francesca Jakes,prefer not to say,33,0,1,0,0,0,1,0,0,0,0,0
302,harchdeckne8d@samsung.com,"pG7,$1/6Ng,S6)q0",Hilary Archdeckne,female,27,1,1,1,0,1,0,0,0,0,0,0
303,hpask8e@nydailynews.com,uT5|ru(V+6o052,Horton Pask,female,14,0,1,1,1,1,1,0,1,0,0,0
304,siddison8f@nationalgeographic.com,"hG1""Z'm2go4Ze",Selinda Iddison,prefer not to say,31,0,1,1,0,1,1,0,1,0,1,1
305,gfarryann8g@eepurl.com,hW5~6fExe(+y2,Gypsy Farryann,female,13,0,1,1,0,1,0,0,1,1,1,0
306,lberrow8h@de.vu,aQ6{M(odhcKC?uk,Lazar Berrow,male,33,1,1,0,1,1,1,0,0,1,0,0
307,memeney8i@newyorker.com,jT9~~YPKgM,Matthias Emeney,prefer not to say,12,0,0,1,0,0,1,1,1,1,1,1
308,cwelbelove8j@statcounter.com,cC6.4Er~R,Cobb Welbelove,prefer not to say,10,0,1,1,0,1,0,1,0,0,0,0
309,ldavidovits8k@bbb.org,hV6|(Eg.r@,Lillian Davidovits,female,23,0,1,0,0,0,1,1,1,1,1,0
310,qgodber8l@goodreads.com,"uV4{Twp,'=0w'J",Quinton Godber,male,25,1,1,0,1,1,1,1,1,1,0,0
311,drapi8m@hc360.com,"aX8}g""Q=tQS5b",Deirdre Rapi,prefer not to say,43,1,0,1,0,0,0,0,0,0,0,1
312,bhogbourne8n@example.com,hW8/Ec3rYgu,Betsy Hogbourne,female,18,0,1,1,0,0,1,0,0,0,0,1
313,tcassedy8o@etsy.com,tB0>W$%n72Dx4d,Torrie Cassedy,male,27,1,0,0,1,0,0,0,1,0,1,0
314,bplace8p@washingtonpost.com,eZ0|eL@hak,Bernie Place,female,21,0,0,0,0,1,0,1,1,0,0,0
315,deuels8q@oracle.com,wP1(JE~*I3,Dede Euels,male,25,1,0,1,1,0,0,0,0,1,1,1
316,kgallaway8r@addthis.com,yN1#QFPZZ(0Qvp,Kalinda Gallaway,female,9,1,0,0,0,1,1,1,1,1,0,1
317,jforsdicke8s@walmart.com,rU8#xNme\_0ttx,Johannes Forsdicke,male,40,1,1,0,1,1,0,1,1,1,0,0
318,moffer8t@epa.gov,mS0<II%1xRyu,Marsh Offer,female,40,0,0,1,0,0,0,0,0,0,0,0
319,dutting8u@cnn.com,pE7`?nOFp)TKq,Daisie Utting,prefer not to say,36,0,1,1,0,1,1,1,0,1,1,0
320,cwhatley8v@java.com,cD8='M3u\WF@,Corbet Whatley,female,9,0,0,1,0,1,0,1,1,1,1,0
321,kbrager8w@sciencedaily.com,mH2`ztslhfg}lN,Kirk Brager,prefer not to say,26,0,0,0,1,0,0,0,0,0,0,0
322,dfeldbau8x@scientificamerican.com,fW7%*yoQ+KLI,Desi Feldbau,female,13,0,1,0,1,1,0,1,1,1,1,0
323,tnewis8y@un.org,fH4/XDgVn+,Tristam Newis,prefer not to say,25,1,0,0,0,0,0,0,1,1,1,1
324,srobuchon8z@360.cn,oQ6<9lUzGQitC\,Starla Robuchon,prefer not to say,25,1,0,0,0,0,0,1,0,0,1,0
325,hcrossland90@stanford.edu,yV7!Bx#oeZtCA>h,Hubey Crossland,prefer not to say,41,0,0,0,0,1,1,0,0,1,1,0
326,jdyball91@behance.net,pO6\TNIRi}0M3=,Jamal Dyball,female,31,0,1,1,0,0,1,1,1,1,0,0
327,akondratenya92@walmart.com,pL5\73|z>7?,Anne-corinne Kondratenya,prefer not to say,23,1,0,1,0,0,1,0,0,0,0,0
328,wweymouth93@wiley.com,kD7%yg(J~,Willie Weymouth,male,15,0,0,0,1,1,0,0,1,1,1,0
329,acashford94@unblog.fr,"vT5@%Jc!b<#Qud,",Ali Cashford,prefer not to say,29,1,1,0,0,0,0,1,0,0,1,0
330,cclassen95@icq.com,zG1*~'b`,Cathrin Classen,female,27,0,0,0,1,0,1,0,0,1,0,0
331,wsamwaye96@hibu.com,"xR1}.t3nL{bt""%",Willard Samwaye,male,30,0,1,0,1,0,1,0,0,1,0,1
332,wkennermann97@toplist.cz,iZ8>~L8wlMA=,Wendel Kennermann,prefer not to say,16,1,0,0,0,0,1,0,1,1,1,1
333,eboag98@umich.edu,vZ7'UpXU4,Ezra Boag,female,23,0,1,1,0,1,1,1,0,0,1,1
334,mdunsmore99@deviantart.com,"dD7`""kCy83(",Maurizio Dunsmore,female,27,1,1,1,0,0,0,1,1,1,0,1
335,vnormansell9a@bbc.co.uk,cE2*_2h',Viviana Normansell,prefer not to say,41,1,1,0,0,0,1,1,0,0,1,0
336,omacbean9b@google.com.br,"dM4""i<i~GYB4nm!",Orly MacBean,prefer not to say,14,0,0,1,1,1,0,1,1,1,0,1
337,sgingold9c@opensource.org,uT5/\k0JbF04T,Syd Gingold,prefer not to say,33,0,0,0,0,0,1,1,1,1,1,0
338,tmates9d@infoseek.co.jp,yC9~sF|Y){J`,Toddy Mates,female,43,0,0,0,1,0,0,1,0,0,1,1
339,rrolfo9e@istockphoto.com,qW5#e2$yif&48,Rasla Rolfo,prefer not to say,43,1,1,1,0,0,0,0,1,0,1,1
340,dwyman9f@yale.edu,tZ3?(5jnih\tj#V5,Davine Wyman,prefer not to say,15,0,0,0,1,1,1,0,0,1,1,1
341,mtabner9g@auda.org.au,yF8|l{rsvbw.`f,Milena Tabner,female,11,1,0,1,0,1,0,0,0,1,1,0
342,glandes9h@icio.us,sS7*pL6p,Gran Landes,female,27,1,1,0,0,0,1,0,1,0,1,0
343,fleat9i@simplemachines.org,"pT5""P&\Wr",Fredek Leat,prefer not to say,25,1,1,0,1,0,1,1,1,0,1,1
344,bcavanaugh9j@guardian.co.uk,"vC6\P""+Qb%}kdr",Belvia Cavanaugh,prefer not to say,43,1,0,1,1,1,1,1,0,0,0,0
345,sbesque9k@theguardian.com,yT5?e/d9#uu,Stace Besque,male,9,1,0,1,0,0,1,1,1,1,1,1
346,hdarkott9l@qq.com,cB3$z8PU4k6}v7AO,Hestia Darkott,female,33,0,0,0,0,1,1,1,0,0,0,0
347,jhaddrell9m@yahoo.co.jp,cR0)IIR=r3{,Joell Haddrell,male,15,1,0,0,0,1,1,1,1,0,1,1
348,rburgh9n@php.net,kD7(YcLaj!,Roth Burgh,male,16,0,1,1,1,0,1,1,1,0,0,1
349,oshimmin9o@webs.com,jR7{Lnmf,Oby Shimmin,female,33,0,0,0,1,1,0,0,0,1,1,0
350,jitschakov9p@bloomberg.com,oO4\d/Ev9,Johan Itschakov,male,16,1,0,0,0,1,0,1,0,1,0,1
351,tsommerled9q@engadget.com,qB0\/RmC(|s4n,Theo Sommerled,male,19,0,1,1,1,1,1,1,0,0,1,0
352,pmuller9r@hibu.com,dG1~Vg?DDD{GFR,Patten Muller,prefer not to say,9,1,1,0,0,0,1,1,0,0,1,1
353,nbengoechea9s@irs.gov,"lV2&>C""01tb2Y",Noel Bengoechea,female,35,1,0,1,0,1,1,1,0,1,1,0
354,jfurmagier9t@goo.gl,qM5~du9)c71,Josepha Furmagier,female,14,1,1,0,0,1,1,1,0,0,0,1
355,fbelmont9u@tinypic.com,lP8_e\K)$98=</A=,Florida Belmont,female,20,1,1,0,1,0,1,1,1,0,0,0
356,kclemes9v@umn.edu,"yY5,#\g@)25",Kleon Clemes,prefer not to say,27,1,0,0,1,1,0,0,0,0,0,1
357,rfontin9w@pbs.org,sX0\0q|EvjD,Rancell Fontin,prefer not to say,17,1,1,0,0,0,0,0,0,0,1,0
358,idellenbrok9x@yandex.ru,qN3/u~$j{5?,Itch Dellenbrok,prefer not to say,34,0,0,1,0,1,1,0,1,1,1,1
359,dmcneachtain9y@intel.com,eI5&yaXwRycd,Damon McNeachtain,prefer not to say,43,0,1,1,1,1,1,0,1,0,0,1
360,kmullard9z@ocn.ne.jp,tS5!blg_00+a,Karla Mullard,female,18,1,0,1,1,1,1,1,1,1,0,0
361,rderisleya0@webs.com,mR6>&P3MC%o9)XwI,Roch Derisley,male,14,0,0,1,1,0,0,1,0,0,0,0
362,mlumoxa1@webs.com,cG1&(dbHk_7u7(~,Monique Lumox,male,25,1,1,0,0,1,0,0,1,0,0,0
363,sferneyhougha2@state.gov,"mK6,>SjMC6/T",Saul Ferneyhough,male,14,0,0,0,1,0,0,1,0,0,0,1
364,rrevana3@xrea.com,aO9{6C*GKCi,Rey Revan,male,16,1,1,1,0,1,0,1,0,1,1,0
365,awyllisa4@loc.gov,rR6~|qk5,Alec Wyllis,prefer not to say,23,1,1,1,0,1,0,1,1,0,0,0
366,phazelhursta5@latimes.com,"kE1'M,&%fhP%h{",Petra Hazelhurst,prefer not to say,38,0,1,0,0,0,0,1,1,1,1,0
367,mdenisyeva6@aol.com,sE1/}A#Z4},Margot Denisyev,female,29,0,0,1,1,0,1,0,0,1,0,0
368,fharlocka7@istockphoto.com,dQ6`YIS3/),Fran Harlock,prefer not to say,12,0,0,1,0,1,1,0,0,1,0,1
369,aautona8@blogger.com,dZ5'a5k0,Astrid Auton,female,19,1,1,1,0,1,1,1,1,0,1,1
370,rtoffela9@fema.gov,hE6>B3fw5`9ZrvTL,Reine Toffel,male,16,1,1,1,1,1,1,0,0,1,1,1
371,tponsfordaa@cam.ac.uk,nH4#3IPQgfe_M'N$,Tarrah Ponsford,male,34,0,1,1,1,0,0,1,1,0,1,0
372,zbeddinab@skype.com,"aB6,jH#MXuB5I2!N",Zahara Beddin,male,30,0,1,1,0,1,1,1,0,0,0,1
373,ieckersleyac@spotify.com,aI5<I@it,Irena Eckersley,male,22,0,1,1,1,0,1,1,0,0,0,1
374,javeyad@weibo.com,vQ4_%\))9SkW'J,Jeanelle Avey,female,16,1,0,0,1,1,1,0,1,1,1,1
375,lpedicanae@lycos.com,"tH7=s<U_""",Leesa Pedican,prefer not to say,16,1,1,0,1,0,0,0,1,0,1,0
376,ystobartaf@bloglovin.com,dU7'wf(5D,Yale Stobart,prefer not to say,37,0,1,0,0,1,0,0,0,0,1,0
377,rwarrickag@blinklist.com,gW8|`8Y1(=i%k%&,Royce Warrick,female,9,1,0,1,1,1,0,1,1,0,0,0
378,lokeeffeah@mapy.cz,gZ8~5'$)=*+V$,Lennard O'Keeffe,prefer not to say,31,1,0,1,1,1,1,0,1,0,0,1
379,etargettai@dion.ne.jp,qX6#.UtrDsLq,Emanuele Targett,prefer not to say,9,0,0,1,0,0,0,1,0,0,1,1
380,brickabyaj@harvard.edu,"tB5==AQ@ay1""x*yu",Bern Rickaby,female,15,0,0,1,0,1,1,0,0,0,1,1
381,ckelshawak@dell.com,"vY9|~""EmN'",Cazzie Kelshaw,prefer not to say,41,1,0,1,0,1,1,1,1,0,0,1
382,gcattellional@qq.com,aC1./LJgZ~v18X*,Gayleen Cattellion,male,23,0,1,1,0,1,1,0,1,1,1,1
383,walekhovam@mtv.com,cB2>sc(WO\,Walker Alekhov,male,21,1,1,0,1,0,1,0,1,0,0,0
384,mdawidowiczan@addthis.com,nU5!rzE)B#TY,Modestia Dawidowicz,prefer not to say,36,1,1,1,1,0,0,1,0,0,0,0
385,zgiroldoao@comcast.net,"cL6'<b(iXqDV+9H""",Zulema Giroldo,female,20,0,1,1,1,1,1,0,0,0,0,0
386,cheinickeap@spiegel.de,cG9{LFZ$h7oU,Charil Heinicke,female,27,1,0,1,1,1,1,1,1,1,1,0
387,rscholeaq@mac.com,"pI5)5,zNi_2u&",Rick Schole,female,16,1,0,0,1,1,0,1,0,1,0,1
388,cgirardezar@clickbank.net,"sI8?rE4N""Jza%b{",Chauncey Girardez,prefer not to say,21,0,0,1,1,0,0,1,1,0,0,1
389,mforsaithas@timesonline.co.uk,xQ3>D+`\IE%u{,Marwin Forsaith,female,30,0,0,1,1,0,1,0,0,0,0,1
390,glawryat@freewebs.com,kK7&jn>N?VG8),Galvan Lawry,female,19,0,1,1,0,0,0,0,0,1,1,1
391,mmundleau@163.com,cQ5`d@L/<VL8V&,Milt Mundle,female,17,1,0,0,1,0,1,0,1,0,1,0
392,arockhallav@bloglines.com,pG0|3L5%`U,Augy Rockhall,prefer not to say,41,0,0,0,1,0,1,0,1,0,0,0
393,lbishoppaw@goo.ne.jp,tX8?}cYl@(,Linnea Bishopp,female,14,0,1,0,1,0,1,0,0,0,1,0
394,lceelyax@sourceforge.net,"rZ8*""{H1<vmG",Leicester Ceely,male,19,0,1,0,1,0,0,1,0,1,0,1
395,aredmellay@usnews.com,jX4+52I/<\$,Arleen Redmell,male,27,0,0,0,1,0,0,1,0,0,1,1
396,pschaffelaz@homestead.com,lF4/D5V7,Penny Schaffel,female,40,0,1,1,0,0,0,0,1,1,0,1
397,rnoonanb0@gnu.org,yH6+p(bAF,Rochette Noonan,male,23,0,0,1,0,1,1,0,0,0,0,0
398,hdunphieb1@mapy.cz,uV4.I9Rv}H8W.,Herrick Dunphie,prefer not to say,12,0,0,0,1,0,1,1,1,0,1,1
399,mflatherb2@pbs.org,qV7</_YJ6@XH,Maryellen Flather,prefer not to say,27,1,0,0,1,0,0,0,0,0,0,0
400,vtortisb3@msu.edu,kL6+.<+#,Verile Tortis,female,18,1,0,1,0,1,0,1,1,0,1,1
401,abalmforthb4@disqus.com,"tM9%QkH9Ml,RkPu=",Aileen Balmforth,female,40,1,0,0,0,0,0,1,1,0,0,0
402,tmynettb5@nhs.uk,nI0?o}yeU,Tracy Mynett,male,17,1,1,1,0,0,1,1,1,1,0,0
403,dhedgecockb6@google.nl,lP7(8L7l,Diandra Hedgecock,prefer not to say,16,1,1,1,1,1,1,1,1,0,0,0
404,bzanettinib7@buzzfeed.com,zR9=PL`$#O`iZkh2,Benedicto Zanettini,male,27,1,1,1,0,0,0,1,1,0,0,1
405,cbartlomiejczykb8@yahoo.co.jp,sU1=b6{*91qRp_(,Corrianne Bartlomiejczyk,prefer not to say,42,1,1,1,1,0,1,1,0,0,0,0
406,asaigerb9@ovh.net,"kO0""GNp7,",Aubrey Saiger,male,15,1,0,1,0,0,1,0,0,1,0,1
407,hklynerba@gov.uk,aQ8)<YF8x1qr7}/,Horatio Klyner,male,43,1,1,0,1,1,0,0,1,1,1,0
408,rrowthornebb@fotki.com,rZ0.AlVH,Ruthann Rowthorne,male,25,1,1,0,1,1,1,0,0,1,1,1
409,jburlingamebc@technorati.com,hV0|%7a(38X@5,Jasmine Burlingame,prefer not to say,31,1,0,0,1,1,0,0,0,1,1,0
410,ecryerbd@cisco.com,jF6?KY5&|,Ekaterina Cryer,prefer not to say,37,1,0,0,0,0,1,1,1,0,0,1
411,ekelsallbe@addtoany.com,uX1'cLzCpdf,Elayne Kelsall,male,30,1,1,0,0,1,1,0,0,1,0,0
412,bhaggartbf@shareasale.com,dB4?=2*Rt!4jH5,Brady Haggart,prefer not to say,15,1,1,1,1,1,0,0,1,1,1,1
413,msaylebg@cnn.com,aH7*Bb*TDAr6,Mauricio Sayle,male,27,1,1,0,0,1,0,1,1,1,0,0
414,ksollambh@deliciousdays.com,qP7\!<ay?gC,Kin Sollam,female,42,1,0,1,1,1,0,0,1,0,1,1
415,sgrantbi@networkadvertising.org,xP4<nR}c4r\WrL,Stella Grant,female,39,0,0,1,1,0,0,0,1,0,0,1
416,thinstridgebj@pen.io,"jW8""yB=&rQH",Thornie Hinstridge,male,43,0,0,1,1,1,1,1,1,1,0,0
417,jwillcocksbk@odnoklassniki.ru,jW9'JWKAb3I_CEk#,Jone Willcocks,male,30,1,1,1,0,1,0,1,0,1,1,1
418,estoutherbl@ehow.com,hW6?NtX7`.`=1X,Edmon Stouther,prefer not to say,37,1,0,0,1,0,1,0,1,0,1,0
419,lblybm@marriott.com,"jO9*,wo&G6PnaZav",Lindy Bly,male,30,0,0,0,1,0,0,0,1,0,1,1
420,mrraundlbn@uol.com.br,"nO9|l,YQYo",Moreen Rraundl,prefer not to say,36,0,0,1,1,0,1,1,0,0,0,0
421,mwhaitesbo@pinterest.com,qG8!\zwCSZ$,Major Whaites,male,32,0,0,1,0,0,1,1,1,1,1,1
422,ssimminsbp@youtu.be,"sH8`v6#>jOr+""S",Sancho Simmins,male,12,1,1,1,1,0,1,0,1,1,0,1
423,ktreendbq@google.com.br,aC6>~Yj*b,Kris Treend,prefer not to say,14,0,1,0,1,0,1,0,0,0,0,0
424,dcrossebr@nytimes.com,wN1|S5s>WX,Desdemona Crosse,female,19,0,0,1,0,1,0,0,0,0,0,0
425,ugludorbs@issuu.com,hM4~JMuJCWj'sle,Ursula Gludor,female,20,0,1,1,0,1,0,1,0,0,0,0
426,fkunzbt@fda.gov,"pO8,~6sq",Francene Kunz,prefer not to say,34,1,0,0,1,0,0,1,1,1,0,0
427,pshowalterbu@imgur.com,"rQ7}6MyUA&l,",Piggy Showalter,prefer not to say,11,0,1,0,0,0,1,1,0,1,1,1
428,growlesbv@wikispaces.com,gD8?U6!9z.,Goldy Rowles,prefer not to say,40,1,1,1,0,0,1,0,1,0,1,1
429,khirsthousebw@github.io,fR7+.GqwDk5ud,Kahaleel Hirsthouse,female,15,1,0,1,0,0,1,0,0,0,1,0
430,gburgissbx@reddit.com,mO4$>tBd@F4,Giles Burgiss,female,42,0,1,0,1,1,1,0,1,0,0,1
431,cstollerby@spotify.com,"rR2""JCBi`",Cullen Stoller,female,18,0,1,0,1,1,0,0,1,1,0,1
432,bbraimbz@google.nl,"kZ0_Jh,_A=an(O<",Brittaney Braim,male,33,1,0,0,0,1,1,1,1,1,1,1
433,ndallewaterc0@51.la,xG4`XKj6'ZB&~sNY,Nicholle Dallewater,prefer not to say,18,1,1,1,0,1,0,1,1,0,1,0
434,eberndtssonc1@addtoany.com,"cZ8!|""G{)Wp9e",Emalia Berndtsson,female,40,0,0,0,1,0,1,0,0,1,1,0
435,uchallensc2@blogspot.com,bP8_6+\qsv`,Ursola Challens,prefer not to say,22,0,1,1,1,0,1,1,1,0,1,1
436,dgaenorc3@economist.com,vB2($bYSR,Darlene Gaenor,prefer not to say,22,0,1,0,0,0,0,1,1,0,0,1
437,dvasechkinc4@si.edu,bQ4{E)0_},Dore Vasechkin,female,41,0,1,1,1,1,0,1,0,1,1,0
438,deddingtonc5@google.nl,"mD3!,?|nW_9d7&""V",Darin Eddington,male,40,0,1,0,1,0,0,0,1,1,1,1
439,tgarrodc6@wufoo.com,fW0{?jrEdrb8,Talya Garrod,male,22,1,0,0,1,1,0,1,1,1,1,1
440,cterreyc7@merriam-webster.com,bE9%vn&/Mnh)@`,Cayla Terrey,prefer not to say,17,0,0,1,0,1,1,1,0,0,0,0
441,ahamc8@live.com,jA0}Z%%>MwJ,Allyson Ham,male,15,1,1,1,1,0,1,0,1,0,0,0
442,oardenc9@shop-pro.jp,"lK9""?'!<a5!S>ry/",Olia Arden,female,25,0,0,0,1,0,0,1,1,1,1,1
443,jpaddenca@nsw.gov.au,nO0>RpaLc,Jerrie Padden,prefer not to say,29,1,1,0,0,0,1,0,0,0,0,1
444,nmorvillecb@reddit.com,bX4%'.KSZL$o?o,Nissie Morville,female,41,1,0,0,1,1,0,0,1,0,1,1
445,gkainescc@odnoklassniki.ru,xU1#>JtmEkrQ,Glendon Kaines,male,30,0,1,1,1,1,0,1,0,0,1,1
446,hwilmorecd@desdev.cn,hU6\8gV\W,Haley Wilmore,prefer not to say,27,1,0,0,0,1,0,0,0,0,1,0
447,mantonichce@fc2.com,kS8$Dx){7T,Moll Antonich,male,35,1,1,1,0,0,0,1,0,0,1,1
448,calcidecf@naver.com,"sX5.""os7",Conrado Alcide,prefer not to say,12,0,1,0,0,0,1,1,0,1,0,0
449,uparleycg@istockphoto.com,vN0?85twQ7@8`!qo,Umberto Parley,prefer not to say,25,1,1,0,0,0,0,1,1,0,1,1
450,gbanech@stanford.edu,dT8\7Z&WnMdh,Gerhard Bane,female,40,1,0,1,1,1,1,1,1,1,1,0
451,kbrackleyci@msn.com,tH5*@CH?sJr9K{,Kristien Brackley,female,17,1,0,0,0,0,1,0,1,0,0,1
452,ddurrellcj@thetimes.co.uk,fL8@>ZBJ,Dulci Durrell,prefer not to say,35,0,1,0,0,1,1,0,0,0,0,1
453,eedmottck@topsy.com,pE8|m~stV\0,Elston Edmott,female,14,1,0,1,0,1,1,1,1,1,0,0
454,awaitcl@weather.com,pO2+!r\98e6,Alf Wait,male,13,0,0,1,1,0,1,1,1,0,1,1
455,hvancm@wiley.com,hQ7=RIveBEi+,Hewie Van Castele,female,14,0,0,0,1,1,0,1,0,1,1,1
456,olawreycn@ftc.gov,eD2|zKMU,Orlando Lawrey,prefer not to say,27,1,0,0,0,0,1,0,1,0,1,1
457,grouxco@livejournal.com,"gQ5@""}UHh>hKE",Gaile Roux,prefer not to say,25,1,1,1,0,1,0,1,1,0,1,0
458,aeustiscp@amazon.com,fG9=EGfKts|B,Andrea Eustis,prefer not to say,32,0,0,1,0,1,1,1,1,1,0,0
459,hcalltonecq@technorati.com,pX9)jg5q6fe6_,Hurlee Calltone,prefer not to say,14,0,1,1,0,0,1,0,1,0,1,1
460,sjakoviljeviccr@xinhuanet.com,xO8&$K{MGO\dSa,Siegfried Jakoviljevic,female,38,0,1,1,0,1,1,1,1,1,0,0
461,tabramsoncs@mac.com,oF0_gUAUA,Taite Abramson,female,17,1,0,1,1,1,1,0,0,1,0,1
462,pcorneillect@indiatimes.com,nC8#me=f7}$yHbO,Patricia Corneille,prefer not to say,25,0,1,1,1,1,1,0,1,0,1,0
463,jbrasenercu@addtoany.com,iZ9`ileo,Juliet Brasener,prefer not to say,37,1,1,0,0,1,0,0,1,1,0,0
464,kbarclaycv@slate.com,tQ7<vd5lU9KvU>,Kristi Barclay,prefer not to say,25,0,1,1,0,0,1,0,1,1,1,0
465,lbrabancw@wordpress.org,kS7{$$t|'$8SJ?j,Legra Braban,female,42,0,0,1,1,0,1,1,0,1,0,0
466,ecresswellcx@csmonitor.com,nB0({BGfNEcDxu,Elfie Cresswell,male,23,0,1,1,0,1,0,1,0,1,0,1
467,cfaggcy@spiegel.de,"gW7.W~I7Q9E+,Q",Chris Fagg,male,27,1,1,1,1,0,0,1,1,0,1,1
468,cniemieccz@ibm.com,rY6!UIf=7Y18S,Cart Niemiec,male,23,0,0,1,0,1,0,0,1,1,1,1
469,cboweryd0@over-blog.com,gC9_g{cCE{Te>J(,Consalve Bowery,female,43,0,1,1,0,0,1,0,1,0,0,0
470,bcorserd1@vinaora.com,"oD4!.,Y=#",Briant Corser,female,30,1,0,1,0,1,1,1,0,1,0,1
471,lchatterisd2@mayoclinic.com,"wX6=u},a_!",Lorne Chatteris,prefer not to say,39,1,1,0,0,1,1,1,1,0,1,0
472,mshilstond3@mtv.com,yC3'MIz}J/Ko8,Marabel Shilston,prefer not to say,35,1,1,1,0,0,1,0,1,0,0,0
473,ahillandd4@live.com,zB2+.xZJ/,Ansell Hilland,prefer not to say,12,0,0,1,1,1,0,1,1,0,1,1
474,lcollind5@hostgator.com,hD7$z'&Fgj{+,Les Collin,male,28,1,1,1,0,1,1,1,1,0,0,0
475,dhatherleighd6@slate.com,iS9/n\%n\HLhQ,Deerdre Hatherleigh,male,9,1,1,0,1,0,1,1,1,1,1,1
476,dstaresmeared7@businesswire.com,kI5}b?q/budlXsl,Dorolice Staresmeare,male,25,0,0,1,1,1,1,1,0,0,0,0
477,ndurbannd8@wisc.edu,yY3#baec,Ninon Durbann,female,24,1,1,1,0,1,1,1,1,1,1,1
478,abarrowsd9@rakuten.co.jp,nK9'f2@6i0,Auberon Barrows,male,19,0,0,0,1,0,0,0,0,0,0,1
479,apietrzykda@time.com,"uD5'YX!1/,v",Alexa Pietrzyk,male,43,0,1,0,1,0,0,0,0,1,1,1
480,jstandishdb@surveymonkey.com,kO3*\FPXA,Jeff Standish,female,14,0,0,1,0,1,1,1,1,1,1,1
481,mcumminsdc@google.ca,gT2|=ObU'jNUVk},Marc Cummins,male,28,0,1,1,1,0,1,1,1,0,0,1
482,cgatteridgedd@cbslocal.com,bF7`GqxC_~Z,Carlota Gatteridge,female,25,1,1,0,0,1,1,1,1,0,1,1
483,smacallende@alibaba.com,gV6(38mx,Stace MacAllen,female,19,0,1,0,0,0,0,1,1,1,0,1
484,ilovemandf@upenn.edu,"nD0,<J|iYw>ze!6",Ingelbert Loveman,female,27,1,1,1,1,0,1,1,1,0,0,0
485,acresseydg@github.io,xR7~7KTvP,Arlana Cressey,female,29,1,1,0,1,0,0,1,0,1,1,0
486,kbyfielddh@blinklist.com,"nF6{z}b_`0@h,?M.",Kassi Byfield,male,40,1,0,0,1,0,1,0,0,1,0,1
487,uraulindi@dailymotion.com,"xU9""(&E3""O\R2Hm",Uta Raulin,male,41,0,0,0,1,0,1,0,1,0,1,0
488,mwinsburydj@qq.com,sP3/iXF7,Michael Winsbury,prefer not to say,43,0,1,0,1,1,0,1,1,1,0,1
489,kslimandk@omniture.com,qB0%a)e.RQjA,Keary Sliman,female,17,0,1,1,1,0,0,1,0,0,1,0
490,kgirckedl@nsw.gov.au,sN4<R_2+\,Kerwinn Gircke,female,25,0,1,1,1,0,0,1,1,1,1,0
491,cpulsforddm@bizjournals.com,rY6)hqE6(lVSE),Charla Pulsford,female,14,0,1,1,1,0,1,0,0,1,1,1
492,zomoylanedn@shinystat.com,oX4)eZ%3=n=t,Zonda O'Moylane,female,9,0,1,0,1,0,0,0,1,1,1,1
493,uainscowdo@washington.edu,dE9((8*j0+W8h/+,Ulysses Ainscow,male,16,0,0,0,1,1,1,1,1,1,0,0
494,astegeldp@imdb.com,zA9_O0xOSir8/s\,Addy Stegel,prefer not to say,27,0,0,0,0,0,1,0,0,0,1,1
495,mprucedq@ted.com,mB7('\UU2Ti(kkvv,Marcos Pruce,female,39,0,0,0,0,1,1,1,0,0,0,1
496,chembrydr@cafepress.com,tB6%}Q9u1VOK=a,Calhoun Hembry,female,26,1,0,1,1,1,0,1,1,1,1,1
497,mgrimmertds@statcounter.com,pZ3=z>j?@Q$MMog,Morgen Grimmert,male,10,0,1,1,1,0,0,1,0,0,1,0
498,mmcguckindt@hostgator.com,hB1>WHx`,Mariel McGuckin,female,43,1,0,1,0,0,0,1,0,0,0,0
499,aburhilldu@delicious.com,rY5>3t@Reop9jQ,Addison Burhill,female,16,0,0,0,0,1,1,1,0,0,0,1
500,kbechedv@redcross.org,mB8>Lmpb/,Katalin Beche,female,30,1,0,0,0,0,1,1,1,0,1,0
501,febertsdw@noaa.gov,uK0$SuFa2hxzU(u,Florence Eberts,female,33,0,0,0,1,1,1,1,0,0,0,0
502,pgransdendx@meetup.com,mF4?$vb@V,Porty Gransden,female,33,1,1,0,1,0,0,0,1,1,0,0
503,mferiedy@artisteer.com,sS1~u'|Y(F,Maurise Ferie,female,27,0,0,0,0,1,0,1,0,1,0,1
504,ehowiedz@state.gov,"pL0{Kp.|,rYOlLht",Ericka Howie,male,13,0,0,0,1,0,1,0,1,1,0,0
505,lspennocke0@auda.org.au,rO7\g<)n{CJ'xu,Lizzie Spennock,male,36,0,0,1,0,0,0,0,1,0,1,1
506,aghilkse1@prweb.com,aO5|3{p.nwLq,Aili Ghilks,male,42,1,0,1,1,1,1,0,0,1,0,0
507,gcrouche2@ocn.ne.jp,vF0'9Yj)VGr0Axb,Gray Crouch,male,37,0,0,0,1,1,0,1,0,0,0,0
508,scantwelle3@bloomberg.com,rS4!eMS%B!)_jOv,Stella Cantwell,prefer not to say,18,0,1,1,0,0,0,0,0,1,1,0
509,sferniere4@bloglovin.com,rN7!vI8hm`$TI(,Shannah Fernier,male,41,1,0,1,1,0,0,0,1,0,0,0
510,achristiensene5@live.com,kH9&5I8LiPc<g,Alwyn Christiensen,female,37,0,1,0,0,0,1,0,0,1,1,1
511,robrollachaine6@prlog.org,qR7>tj@blX,Reinaldo O'Brollachain,female,29,1,1,1,1,0,0,1,0,0,0,1
512,hfounde7@cdc.gov,sP6~L~FM,Heinrick Found,prefer not to say,14,0,0,1,1,0,1,1,1,0,1,1
513,agartane8@patch.com,"cN3!,!p0iL",Annora Gartan,prefer not to say,19,0,1,1,0,1,0,1,0,0,0,0
514,fbleythinge9@prnewswire.com,jQ9_WQ3d5z$,Filberto Bleything,female,14,0,1,0,1,0,0,1,1,0,0,0
515,cpesekea@issuu.com,wF7.j5was#,Chandra Pesek,female,9,0,1,0,1,1,0,1,1,0,0,0
516,aelaneb@ftc.gov,xO3</<bsyY,Anna-maria Elan,male,37,1,1,0,1,0,1,0,1,1,1,1
517,emaroneyec@hao123.com,wY1{K}#Il4R,Eryn Maroney,male,21,1,1,0,1,0,0,0,0,1,1,0
518,mpanksed@ox.ac.uk,wL6.~kC~><,Maryrose Panks,prefer not to say,29,0,0,1,1,0,1,0,1,0,1,1
519,lbordmanee@over-blog.com,"wI4)GTW""ge!sOoS",Lizabeth Bordman,male,27,0,1,1,1,0,1,1,1,1,0,1
520,rduddanef@booking.com,"sW4,1ZN~s",Rube Duddan,female,37,1,1,1,0,0,0,0,1,1,1,1
521,cprofiteg@yolasite.com,bT2@clf4,Carola Profit,female,24,0,1,0,1,0,0,0,1,1,1,1
522,glodwigeh@goo.ne.jp,pF6|VfU&ozdiq/K,Garnet Lodwig,male,22,0,1,1,0,1,1,0,1,1,1,0
523,kshepardei@theatlantic.com,uP3!?8Fd,Kassandra Shepard,male,14,0,0,1,0,1,0,1,0,0,0,0
524,lcarletej@hibu.com,pZ1|#gq$U$,Lazar Carlet,prefer not to say,37,0,1,0,1,1,0,0,0,0,1,1
525,mtennewellek@homestead.com,cR6\Z9hLBd'u'`(A,Melisent Tennewell,prefer not to say,25,1,1,0,0,0,0,1,0,0,0,0
526,kelsopel@deviantart.com,uX3/GL{FK5GsD,Kalindi Elsop,male,31,1,0,0,1,1,0,1,1,0,0,1
527,acamoysem@deliciousdays.com,yD6(<O!!,Abbott Camoys,female,10,0,1,0,1,1,0,0,0,1,1,0
528,lmottersheaden@npr.org,gB2@_buBJhK?c%,Linda Mottershead,female,18,0,1,1,0,1,0,1,0,0,1,0
529,sledekkereo@weibo.com,"jC5\64*WEq,s""3YB",Sharron Ledekker,female,27,0,0,0,0,1,1,1,1,1,0,1
530,mdjuricicep@istockphoto.com,sF9`pgcn,Mozes Djuricic,female,24,0,1,1,0,0,0,1,0,0,1,1
531,gthickpennyeq@engadget.com,xX7!ulcT}\R8Xxpz,Gerry Thickpenny,male,33,0,1,1,0,1,1,1,1,0,0,0
532,omacqueener@elpais.com,xB9>)N!{&r.j7UE,Orelee MacQueen,prefer not to say,14,1,0,1,1,1,0,1,0,1,0,0
533,mshilladayes@sbwire.com,zU7</se(QG,Marcelline Shilladay,male,32,0,0,0,0,1,1,0,0,0,1,1
534,gpieracciet@psu.edu,kM3|H!Qa,Geno Pieracci,prefer not to say,30,1,1,1,1,0,1,1,0,0,0,0
535,ahuckerbeeu@booking.com,qY7/m+aF#Yo=,Alexandrina Huckerbe,prefer not to say,25,1,0,1,1,0,1,0,1,1,1,1
536,jhardimanev@homestead.com,wS8'#_1Dz,Jenifer Hardiman,female,14,0,1,1,1,1,1,1,1,0,0,0
537,iscardifeildew@mit.edu,uF1{A0nL2>9Ci${,Ivor Scardifeild,prefer not to say,15,1,1,1,1,1,1,0,1,0,0,1
538,amcsaulex@blogger.com,xG5<8V8FOA<*=jV,Alejandrina McSaul,prefer not to say,30,1,0,0,0,1,0,0,1,1,1,1
539,rabeley@plala.or.jp,uT5|M+0DXVvk$jp,Rita Abel,prefer not to say,17,1,1,1,1,0,1,1,1,0,0,0
540,knewmanez@phpbb.com,kO3*`PI#i*+|oq,Karia Newman,male,15,0,0,0,0,1,0,0,0,0,1,0
541,ggoodsellf0@ocn.ne.jp,kG2.Lb!8yzZ,Gilbert Goodsell,male,25,1,0,0,0,0,1,0,0,0,1,1
542,tmullalyf1@samsung.com,pT2#HM{r%8rhh,Tully Mullaly,prefer not to say,12,0,0,1,1,1,1,1,1,0,1,0
543,dcourtierf2@printfriendly.com,"rI5{A,Bt.HT(y",Damita Courtier,female,36,1,0,1,1,1,0,1,0,1,1,0
544,ateazef3@netlog.com,gH5)}B+y38>\H,Alice Teaze,female,37,1,0,0,0,0,1,1,0,0,0,0
545,malgarf4@vk.com,vR9<P*ct)P$~,Miguela Algar,prefer not to say,14,1,0,1,1,0,0,1,1,1,1,1
546,agordongilesf5@pen.io,"dA0(,D46+D!O",Alano Gordon-Giles,female,27,1,0,0,1,0,1,1,0,1,0,0
547,bfryef6@epa.gov,iB7=d26nYX&%80e.,Buckie Frye,prefer not to say,15,0,0,0,1,1,0,0,0,0,0,1
548,olocarnof7@ted.com,vV8<m9xR7e,Ole Locarno,prefer not to say,33,0,1,1,0,0,1,1,0,1,1,0
549,mmithamf8@whitehouse.gov,aR7>'5y|&Xh9zDl,Madonna Mitham,prefer not to say,26,0,1,0,1,0,0,1,0,1,0,0
550,nmacilwrickf9@slate.com,jM7%B!~dPB`,Nigel MacIlwrick,female,28,0,1,1,0,1,0,1,1,1,0,0
551,shiblingfa@globo.com,hX6%*H|ttn0`,Shoshanna Hibling,male,27,0,1,0,1,0,1,0,1,0,0,0
552,afarriesfb@washingtonpost.com,"tK6=MyX""6di&idi2",Ashlin Farries,prefer not to say,16,1,0,1,1,1,1,0,0,1,1,1
553,areecefc@aol.com,gJ8|F3IY3OG?mx,Armin Reece,female,39,0,0,1,1,0,1,1,1,1,1,1
554,chowshipfd@fema.gov,zE4`8IN&uR'*O(,Carilyn Howship,prefer not to say,21,0,0,0,1,1,1,1,1,1,1,0
555,jberthomieufe@msu.edu,pN2_NFRhS0#@L4@,Jobye Berthomieu,prefer not to say,33,1,0,1,1,0,1,0,0,0,1,1
556,agailff@forbes.com,jU2%>tu7,Artus Gail,prefer not to say,30,0,1,1,1,1,1,0,0,0,0,0
557,rbussefg@scribd.com,"vA7@&,&a",Raynor Busse,female,34,0,1,1,1,0,0,1,0,0,1,0
558,posheerinfh@narod.ru,hS8{H4%~fQ&L=,Prescott O'Sheerin,female,9,0,0,0,0,0,1,0,0,0,0,0
559,rosgarfi@google.nl,"fD6_Zoq#""X`CVeNw",Rose Osgar,prefer not to say,27,1,1,0,0,1,0,0,1,1,1,0
560,abraunefj@sciencedaily.com,tO4$P!h*lz(\#p&a,Alyss Braune,male,15,1,0,1,0,1,0,0,0,1,1,1
561,bwadsworthfk@cmu.edu,oC3>Psr9!0@)pf2{,Betta Wadsworth,male,25,0,0,0,1,0,1,0,1,1,0,0
562,ttwidlefl@disqus.com,bE1(u~oB.{(~sD$,Tobye Twidle,prefer not to say,43,1,1,0,1,0,0,0,0,0,1,1
563,crowesfm@miibeian.gov.cn,lU2/5l|R%n,Colin Rowes,male,18,0,1,0,0,0,0,0,1,1,0,0
564,uhasneyfn@yellowbook.com,zD0<4XDI5P=ge,Ulberto Hasney,female,25,0,0,1,0,1,0,0,0,0,0,0
565,bklaiserfo@sourceforge.net,yJ9+kwj{yBxs,Bronson Klaiser,male,41,1,1,1,1,1,1,0,1,0,1,0
566,crawoodfp@marriott.com,"bX5""w)*{O?B",Chariot Rawood,female,16,1,0,1,1,0,1,0,0,1,0,1
567,hsandryfq@illinois.edu,"zJ7,`.?RX0fxHf3t",Hilarius Sandry,male,31,1,1,0,0,0,1,0,0,1,1,0
568,madrainfr@ocn.ne.jp,mW1)#yXJi,Modesty Adrain,female,17,1,1,1,0,0,1,1,1,0,1,0
569,vedisonfs@bizjournals.com,dE7+OwImJroP,Vance Edison,male,25,1,1,1,0,0,1,0,1,1,0,0
570,gnaisbittft@berkeley.edu,iU5<dd&s>,Gwenora Naisbitt,female,31,1,1,0,1,1,0,1,1,0,0,0
571,mcaulderfu@hugedomains.com,rD0=YxPKHtc,Marshall Caulder,female,31,0,1,0,0,0,0,0,0,1,0,0
572,coxbiefv@uol.com.br,yQ3)$mKzfmli.,Cheston Oxbie,female,15,0,0,0,1,1,1,1,1,1,0,1
573,cholbarrowfw@ask.com,aX8)_56HkIK,Cherlyn Holbarrow,prefer not to say,18,0,1,0,1,0,0,0,1,1,0,0
574,mfouldfx@gnu.org,lG4|d=to}E(w,Markus Fould,female,16,1,0,1,0,1,1,1,1,0,0,1
575,svosefy@wordpress.com,oZ6$YmU4C0Q#4dd,Stu Vose,prefer not to say,28,1,1,0,1,1,0,0,0,0,0,1
576,khuggettfz@clickbank.net,eV1|4=%mPJi,Kaitlynn Huggett,female,27,0,1,1,0,1,1,1,0,0,0,1
577,hmargaritellig0@etsy.com,eW0%#|$yV\,Hew Margaritelli,female,19,0,0,0,0,1,1,0,0,0,1,1
578,mmairg1@patch.com,yJ8*=Kc&y0`t,Marlee Mair,male,32,1,0,0,0,0,0,1,1,1,1,0
579,rtaborreg2@quantcast.com,fM4&1?q/nq?+,Robinet Taborre,prefer not to say,16,0,0,0,1,0,1,1,1,0,0,1
580,mdiemg3@microsoft.com,iK9(l\EDe},Morley Diem,female,37,1,0,0,0,0,0,1,0,1,1,0
581,gsummonsg4@dot.gov,"iO6'i{5,Pc>P4",Gran Summons,prefer not to say,23,1,0,0,1,1,0,0,1,1,0,0
582,sbourthouloumeg5@ft.com,lG4~+bn!,Sholom Bourthouloume,female,16,1,1,1,0,1,1,0,0,0,1,0
583,adeethg6@reference.com,"hQ1|+o}zR8""j",Anestassia Deeth,male,29,0,0,1,1,0,1,1,1,0,0,0
584,twhorallg7@goodreads.com,eZ1?*0I>cZhSan<),Travus Whorall,female,15,1,1,1,0,0,1,0,1,1,1,0
585,balfonzog8@tuttocitta.it,pS1)b\7A48f)o+p*,Brina Alfonzo,male,17,1,1,0,0,0,0,1,1,0,0,1
586,lsharplessg9@a8.net,iT6}Yjm&Ke(,Lana Sharpless,male,12,1,0,1,0,0,0,1,0,0,1,0
587,bscaicega@tmall.com,mQ1{BDL2@Z,Burr Scaice,female,15,1,0,0,1,0,0,1,1,0,0,1
588,abellardgb@theguardian.com,gD1(A*w0Hs,Audra Bellard,female,25,0,0,1,1,1,0,1,0,0,0,1
589,nbelfitgc@bbb.org,oI1(//lQn_yJn*!>,Nap Belfit,prefer not to say,34,0,1,1,0,0,1,1,1,0,0,1
590,pgerlackgd@bbb.org,fF3'1/UBj4,Peirce Gerlack,female,34,1,0,0,0,0,0,1,1,0,1,0
591,wmayfieldge@earthlink.net,"mO2_,M<}g9@!|",Wally Mayfield,male,33,0,0,1,1,0,0,0,1,0,1,0
592,svanegf@engadget.com,"qB0|1O*kk,4P6~/",Sarine Vane,female,21,1,0,0,0,1,1,1,0,1,1,0
593,dfitzpayngg@princeton.edu,eR7{r6byfj,Deena Fitzpayn,prefer not to say,33,0,1,1,0,1,1,0,1,1,1,1
594,cgrunnellgh@bloomberg.com,zU6'Szps%Jq,Clair Grunnell,female,29,0,0,1,1,1,1,0,0,1,1,1
595,mwhinesgi@posterous.com,zC7#X@j2!K&Nd,Myles Whines,female,31,0,1,1,1,1,0,1,1,0,1,1
596,atrimminggj@psu.edu,kN0@Y`8(_,Axel Trimming,prefer not to say,15,0,0,0,0,1,0,1,1,1,1,1
597,jroebuckgk@bbb.org,"pI5,QH|qc/(",Jaynell Roebuck,female,37,0,1,1,0,1,0,1,0,1,0,0
598,jandreuzzigl@freewebs.com,hO8(jdFm,Jaine Andreuzzi,prefer not to say,15,1,1,0,1,1,1,1,0,0,1,0
599,fdacheygm@noaa.gov,kL5!l&#|,Fredrick Dachey,prefer not to say,33,0,0,0,0,0,0,1,0,0,0,1
600,lwildashgn@independent.co.uk,sT6)%_3gaqq,Laurianne Wildash,male,27,1,1,0,0,1,0,1,0,0,0,1
601,rputmango@istockphoto.com,tW8&DG1(,Ruthe Putman,female,19,1,0,0,0,0,0,0,0,1,0,0
602,ecrickmergp@cbc.ca,cH1\tO'}5{.}Cf&,Ettie Crickmer,male,29,0,0,0,0,1,0,0,1,0,0,0
603,atoombsgq@phpbb.com,"jV0,V4dR#VpERz74",Arlyne Toombs,male,29,1,1,0,1,1,0,0,1,1,0,0
604,tmurtongr@eventbrite.com,wH0}%2=i='r@KRU!,Timmy Murton,female,16,0,1,0,1,1,0,0,1,0,1,0
605,bpimleygs@google.ca,vV8#7q{c~+V<uOux,Brady Pimley,prefer not to say,19,0,1,0,1,0,0,0,1,1,0,0
606,arobbertgt@amazon.com,gM9>W)O3#.BNB`6Q,Ardys Robbert,male,16,0,1,0,0,0,0,1,0,1,0,0
607,lmurisongu@noaa.gov,cA2~y@zOi|REuj,Loree Murison,male,41,1,0,1,1,0,0,0,1,0,1,1
608,drallsgv@facebook.com,rC8<Z6e7RpTeh&%0,Dougie Ralls,prefer not to say,20,0,0,0,1,0,0,1,1,0,1,0
609,gfoddygw@lulu.com,"zV7,H!nHe0",Gaylene Foddy,prefer not to say,37,1,0,0,0,0,0,0,1,1,0,0
610,mdellatorregx@narod.ru,uF5?A_9&_#=GM7,Martino Dellatorre,male,13,0,0,0,1,1,1,1,1,0,0,1
611,eingarfieldgy@fema.gov,mD2@/5mJ,Edgard Ingarfield,male,14,1,0,1,1,1,1,0,1,0,0,1
612,pcowderygz@google.ru,"tM9""A>Iu~R0K&XD",Pierson Cowdery,male,30,1,0,1,1,1,1,1,1,1,0,1
613,ekorpalh0@mapquest.com,nT9+k(Ye%6D_l}AD,Elly Korpal,male,25,0,0,1,0,0,1,0,1,0,1,1
614,lsteptoeh1@eventbrite.com,tF6~}VA=Zv|,Lynnette Steptoe,female,23,0,1,0,0,1,1,1,0,0,0,0
615,fpimbleyh2@edublogs.org,qN6.T'M+m',Faustina Pimbley,male,14,0,0,0,1,1,1,1,1,0,1,0
616,dcandieh3@google.com.hk,cA4!QO=?HWM&l,Daveen Candie,prefer not to say,32,0,1,0,1,1,0,1,0,0,0,1
617,cphillotth4@hc360.com,"zK5&+mY<<p""CIo92",Chrotoem Phillott,prefer not to say,40,0,1,0,1,1,0,1,0,1,0,1
618,tmilnesh5@4shared.com,"fW4*6Fu,Q5a",Trever Milnes,prefer not to say,32,0,0,0,1,0,1,1,0,1,1,0
619,vandrieuh6@delicious.com,rL7`*xaXerbBe,Victoir Andrieu,female,9,0,0,1,0,1,1,0,0,1,1,1
620,nstormonthh7@ted.com,iX8}1EBdGNk,Norrie Stormonth,prefer not to say,42,1,0,0,0,1,0,1,0,1,1,0
621,jborlessh8@edublogs.org,"qE2%5/,A#$kV.ln",Jasen Borless,prefer not to say,17,1,0,1,1,1,1,0,1,0,0,1
622,jspurreth9@mapy.cz,dW6$/KQ@JcWu(G,Jacques Spurret,female,32,1,0,0,0,0,0,0,0,0,1,0
623,swallingha@live.com,zB3@Osi#9sdpH&7S,Silvanus Walling,male,22,1,0,0,0,1,1,0,1,1,0,1
624,mbramahhb@europa.eu,yB4'tBdL5AW%`,Marjy Bramah,male,17,1,1,0,1,0,1,0,1,0,1,0
625,ggreslyhc@weather.com,rE4'ujv)Iz,Gabie Gresly,female,20,0,1,0,0,1,0,0,0,0,0,0
626,ldabornehd@feedburner.com,"mH1!!l/5c0H""",Laurence Daborne,prefer not to say,13,0,0,1,1,0,0,1,0,1,1,0
627,bdellhe@walmart.com,uP1&Qr2%e?e,Bendix Dell Casa,male,9,1,1,0,0,0,1,1,0,0,1,0
628,ipaullinhf@phoca.cz,vS7*wTMh,Iolanthe Paullin,prefer not to say,22,0,1,0,0,1,0,1,0,1,0,1
629,tcossentinehg@latimes.com,vN4)C@eQ%5|_Y,Tamarah Cossentine,prefer not to say,22,1,1,1,0,0,1,0,1,1,0,1
630,smarichh@hugedomains.com,"eD7""$s>YFGC?",Scotti Maric,prefer not to say,18,0,1,1,0,0,0,1,0,1,0,1
631,lrosgenhi@cdbaby.com,"qO1""VET1)Q0_M<",Lucas Rosgen,prefer not to say,27,1,1,0,0,1,0,0,1,1,0,1
632,eadamouhj@discuz.net,"zS5~d>KY=A5t9/,",Elberta Adamou,female,18,1,1,1,0,1,1,1,0,1,0,0
633,bbawleshk@phpbb.com,"nV1!hOO#%H4h""",Bab Bawles,prefer not to say,13,1,0,1,0,1,1,1,0,1,0,1
634,kkeitchhl@t-online.de,xC3)1?1@X,Karry Keitch,female,15,0,1,1,1,0,1,0,0,1,0,1
635,pboaterhm@usnews.com,xG0\OfS2v$,Patience Boater,prefer not to say,41,1,0,0,0,1,0,1,1,1,0,1
636,atownshendhn@ycombinator.com,pB3%P8fxs8cQ@e,Alfons Townshend,male,37,1,1,1,0,0,0,1,0,0,1,0
637,esimoniteho@chronoengine.com,cL6~bsaF,Elsey Simonite,male,10,0,1,1,0,1,0,0,0,1,1,0
638,kpagdenhp@de.vu,mT1/Ba`.fZH,Kaylyn Pagden,female,17,1,1,0,0,1,1,0,0,1,0,1
639,abilslandhq@omniture.com,jE9`\g?qw8p=7,Abran Bilsland,male,11,1,1,1,0,0,1,1,0,0,1,1
640,gruslenhr@nydailynews.com,"yP7$""5PB1Kzn",Gillie Ruslen,male,41,0,0,1,1,1,1,1,1,0,1,1
641,bsissehs@admin.ch,bG6/T1nOcx3,Barri Sisse,female,41,1,0,1,1,0,0,1,0,1,1,0
642,akirbyht@sogou.com,oQ7?mO`l#/U$N,Alida Kirby,male,11,0,0,1,1,0,0,0,1,1,0,0
643,bfrithhu@netlog.com,mY5)J{_@D*mMWF4,Broderick Frith,male,25,0,1,0,1,0,0,0,0,0,0,0
644,hposvnerhv@dell.com,"oY6,=>JI",Hanna Posvner,prefer not to say,28,0,1,0,1,1,0,1,0,1,0,0
645,clightbownehw@gnu.org,iR4_~y{&g,Caresse Lightbowne,male,36,1,0,0,0,1,1,0,1,0,0,1
646,rfarncombhx@marketwatch.com,pE0*nh55mI&,Ruggiero Farncomb,female,30,0,0,1,0,0,0,0,1,0,0,0
647,achristoforhy@hexun.com,"vS3{Y*""MNEOhEKJe",Adrea Christofor,male,10,1,0,1,1,1,0,1,0,1,1,1
648,vcamoyshz@nasa.gov,iK5+D|%vwl,Virgie Camoys,prefer not to say,18,1,0,1,1,1,1,1,1,0,1,0
649,lkinneiri0@ask.com,tC4>Q}04je\%=,Liza Kinneir,male,17,0,1,1,1,1,0,0,1,1,0,1
650,esullivani1@qq.com,dC7~'`VPGY,Elene Sullivan,female,24,0,1,1,0,1,1,1,1,1,0,1
651,trosboroughi2@imgur.com,dJ2!vXQITS%kD,Tremain Rosborough,prefer not to say,11,0,0,1,0,0,0,1,0,0,0,1
652,ecollmani3@arstechnica.com,"bU9,z$YEw#\",Ezri Collman,female,11,1,0,1,1,0,1,1,0,1,0,0
653,myeldingi4@cbslocal.com,gQ7&Z#sa|,Mile Yelding,female,20,0,1,0,0,1,0,1,1,0,0,0
654,apeggsi5@delicious.com,qB9!.Ac/,Alfi Peggs,prefer not to say,21,1,1,0,1,1,0,0,1,0,0,0
655,gmoodiei6@sfgate.com,fY2}F!Efj?3G,Gerri Moodie,male,13,0,0,1,1,0,0,0,0,0,1,0
656,adreyei7@spotify.com,vI1@.$WbE*,Alwyn Dreye,female,23,0,0,0,1,0,0,0,0,0,1,0
657,scowxi8@icq.com,"dF8/lU=5i>x|tH""",Starlene Cowx,female,17,0,0,1,1,1,0,0,1,0,0,1
658,utooleyi9@census.gov,mX5$zI#QS{cMN4,Umeko Tooley,female,27,1,0,1,1,1,1,0,0,0,0,1
659,msoppitia@cargocollective.com,bX5?&Y|Lt,Murvyn Soppit,prefer not to say,9,1,0,0,1,1,0,1,0,0,1,1
660,omariotib@washingtonpost.com,rG1~Bi~u'dsfdrel,Omero Mariot,male,19,1,1,1,0,1,0,1,1,1,1,1
661,afoystonic@imdb.com,hU9!Q>1'i.N)Ya,Aharon Foyston,female,9,1,1,1,1,0,0,1,1,0,1,0
662,sspiraid@icq.com,"gN4'cp,.icg3uGE",Saree Spira,female,15,1,0,0,1,0,0,1,1,1,1,1
663,akrzyzowskiie@constantcontact.com,tG4}lPSVazI<,Astrix Krzyzowski,female,31,1,0,1,1,0,0,0,0,0,0,0
664,prankmoreif@cyberchimps.com,aW5@qF*pJWAj2T+S,Pen Rankmore,female,11,1,1,0,0,0,0,1,0,0,0,0
665,nleddieig@pbs.org,qV9|PU$>iO~>FCQ,Noami Leddie,female,13,0,0,0,1,0,0,1,1,1,1,1
666,abrighamih@yandex.ru,tX3|Y7GQo}5XK?{>,Angelia Brigham,male,27,0,0,1,1,0,0,0,0,1,0,1
667,mfeaseyii@wordpress.org,"hF7,v7u}@=L4",Maison Feasey,male,24,1,1,1,0,1,0,1,1,0,1,0
668,kcayleij@themeforest.net,xG3{w+r~31d0G}{d,Kitty Cayle,female,13,0,0,0,0,1,0,1,1,1,0,0
669,orhubottomik@state.gov,"tU4'zFC,ih",Odilia Rhubottom,prefer not to say,30,1,1,1,1,0,1,0,1,0,0,0
670,fmcenenyil@home.pl,mM7)UxCc\$Jf5&,Freda McEneny,female,43,0,0,1,0,1,0,1,0,0,1,0
671,gpittim@jimdo.com,bU0=+c&k,Gale Pitt,prefer not to say,26,0,0,0,0,1,0,1,0,1,0,0
672,cblaxlandin@a8.net,fQ9(Fw}q`r6,Cullin Blaxland,female,31,0,1,1,0,0,1,0,1,0,0,1
673,pmalinowskiio@google.it,fB1/ryL5oD5,Pooh Malinowski,prefer not to say,24,1,0,1,1,0,1,1,1,0,0,0
674,pluneyip@bravesites.com,"kQ3)oE)sq14""",Parry Luney,female,26,1,1,1,0,0,0,1,0,0,0,1
675,ldealtryiq@nationalgeographic.com,oE8!hxuPpDT>i,Leelah Dealtry,prefer not to say,17,1,0,1,1,1,0,0,1,0,1,0
676,edeexir@arstechnica.com,dH3/<CSd6g6,Ellary Deex,female,36,0,0,0,1,0,1,1,1,1,0,0
677,mdarrachis@google.co.jp,kV4\SdV1.'#c}5,Mordy Darrach,prefer not to say,24,0,1,0,1,0,0,1,0,0,1,0
678,bseallyit@jigsy.com,zR9#=AQ6.WYaZ&1B,Bennett Seally,male,31,0,1,0,0,1,0,1,1,1,0,0
679,crotheryiu@home.pl,jC5@Z_gIT,Cale Rothery,prefer not to say,37,1,0,1,0,1,1,0,1,0,1,0
680,bskellingtoniv@creativecommons.org,lP5.hs#/{mY&B*o,Bethany Skellington,male,9,0,0,0,0,0,1,1,1,0,1,1
681,cchapieriw@blog.com,"kE4,|U~AFcMA{%CL",Catherina Chapier,female,37,0,1,0,1,0,1,0,0,0,1,1
682,cmitchellix@japanpost.jp,"iQ9)K2J6""!",Carena Mitchell,male,27,0,1,1,1,1,0,1,1,0,1,1
683,fpedlariy@twitter.com,yX3~yFy34'}4)+,Fayina Pedlar,prefer not to say,13,0,1,0,1,1,0,0,0,1,1,1
684,chammertoniz@icio.us,cT3)+F+0,Cozmo Hammerton,prefer not to say,19,1,0,1,0,1,1,0,1,0,0,0
685,rodeveyj0@dot.gov,fY9$<\)5WQk{h=Ox,Ruprecht O'Devey,female,25,1,1,1,0,0,1,1,0,0,1,0
686,hfranssonj1@aboutads.info,"tK4""|uF2k",Huberto Fransson,prefer not to say,18,1,0,0,0,0,0,1,1,1,1,1
687,ebearfootj2@flickr.com,vS8'KxmT,Emmott Bearfoot,female,35,0,0,1,1,1,0,0,0,1,1,0
688,agosswellj3@hugedomains.com,cV9)%g(7K=,Alvis Gosswell,male,41,0,0,0,1,1,0,0,0,1,0,0
689,ecartmanj4@icio.us,"hP7)gBg$u""",Evered Cartman,female,41,1,1,1,0,0,0,1,1,1,1,1
690,pkimblej5@digg.com,hR3?Z`aUjWA,Patrizia Kimble,female,16,0,0,0,1,0,1,1,1,0,0,1
691,egoterj6@ihg.com,"mW4?X,9,d)y}",Emalee Goter,male,15,1,1,1,1,1,1,0,0,0,0,1
692,kweatherbyj7@example.com,nO8~vCBq,Kania Weatherby,male,13,1,1,1,0,1,1,1,1,1,1,0
693,eshortallj8@timesonline.co.uk,dO7{nb}#X,Evonne Shortall,female,32,0,1,0,0,0,1,0,0,0,1,1
694,dmcchesneyj9@europa.eu,pM4>>n?Sg$i,Darleen McChesney,male,43,0,0,1,1,1,1,0,0,1,1,1
695,keschalotteja@disqus.com,jA0>JI))qR,Kalindi Eschalotte,male,33,1,0,1,1,0,0,1,1,1,0,1
696,mbarensenjb@amazonaws.com,hI9.4&N|0aThc}jN,Mellisa Barensen,female,41,0,1,1,1,0,1,0,0,0,1,0
697,myarhamjc@army.mil,"mV8'aCFm(Dlw,!F",Margot Yarham,prefer not to say,16,1,0,0,1,1,1,0,0,1,1,0
698,gloughanjd@de.vu,"eU6,+hF#lq9M",Gabey Loughan,prefer not to say,30,1,1,0,1,0,1,0,0,1,1,1
699,cfarlamje@t.co,xD1`$ly(MW,Chaim Farlam,prefer not to say,10,0,0,0,1,1,0,1,0,1,1,1
700,whaenseljf@si.edu,zQ8?&QaVJw,Waite Haensel,prefer not to say,42,0,1,1,1,1,1,1,0,0,1,1
701,ldreverjg@php.net,"hK5\hV`Kb5a,\QIz",Lewie Drever,female,41,0,0,1,0,1,1,1,0,1,1,0
702,kmilnesjh@utexas.edu,tO5$1cTzR(9I,Kata Milnes,prefer not to say,27,1,0,0,0,1,1,0,0,0,0,0
703,cveroniqueji@toplist.cz,bU9}pO?{8,Cinda Veronique,female,10,1,1,1,0,1,0,0,1,1,0,0
704,mbenedictjj@mayoclinic.com,"bQ9""viC>#1a2",Marilin Benedict,prefer not to say,14,0,0,0,1,0,0,1,0,0,1,1
705,tlenahanjk@who.int,tR9~Bo5lmtBc,Todd Lenahan,female,43,0,0,1,0,1,1,1,1,1,1,1
706,vdymockejl@ezinearticles.com,tV7$*qfw&9~J|dW,Vanna Dymocke,female,37,1,0,0,0,0,1,0,0,0,1,0
707,pthorburnjm@ftc.gov,tL4#wV#7)9w1,Pris Thorburn,male,36,0,0,1,1,1,0,1,0,0,1,1
708,hpatullojn@google.de,bX8.ysN_0(ov,Harbert Patullo,prefer not to say,30,0,0,0,1,1,0,0,1,0,1,1
709,dgroobyjo@woothemes.com,rV6#y_1=T,Daria Grooby,male,33,1,0,0,0,0,0,0,1,0,1,1
710,tboalerjp@guardian.co.uk,rU1*Zm55z+,Tessie Boaler,female,15,1,1,0,1,1,1,1,0,0,1,1
711,jmolloyjq@acquirethisname.com,tW3%GHm@W`,Jeff Molloy,prefer not to say,15,0,0,1,0,1,1,0,0,0,0,0
712,ibaldenjr@eepurl.com,gJ3''}Z.Ac9,Ivar Balden,prefer not to say,19,0,0,1,1,1,1,1,0,1,1,0
713,zmcdougalljs@taobao.com,xP8/XUcZpy/XOMGW,Zaria McDougall,female,17,0,1,1,1,1,0,1,1,1,1,1
714,ltenchjt@bravesites.com,uN0/TP6w/,Lucretia Tench,male,21,0,0,1,1,0,1,0,1,1,0,1
715,cdomleoju@globo.com,fK8#t~kS,Cortney Domleo,female,9,0,0,0,1,0,1,1,0,1,0,1
716,sbritlandjv@baidu.com,hN9$2q!om,Susanna Britland,female,24,1,0,0,0,1,1,0,0,0,0,0
717,dbachmannjw@bbc.co.uk,"bD7,@e}y>",Doreen Bachmann,female,27,1,1,1,0,0,0,0,0,0,0,1
718,asauvanjx@gmpg.org,hC5<uZ8~H=~S,Aldon Sauvan,female,37,1,1,1,1,1,1,0,1,1,1,0
719,hcollensjy@amazonaws.com,"fQ5)\&)*_1""f",Harris Collens,prefer not to say,25,0,0,1,0,0,1,1,1,0,1,1
720,mtysackjz@ning.com,bU7<`4UFdB!SpX8,Maddie Tysack,male,40,1,1,0,0,0,1,1,0,0,1,0
721,bscrivenk0@tamu.edu,cF9`d8eqJw,Benni Scriven,male,35,1,0,0,0,0,0,0,1,1,0,1
722,ppeacheyk1@t.co,aM5&l11qaHW2,Perri Peachey,male,19,1,0,0,1,1,0,1,1,1,0,0
723,ddugaldk2@chronoengine.com,"dY5""t=""Q.",Daryl Dugald,male,14,1,0,1,1,1,0,1,1,1,0,0
724,hpowderk3@tripadvisor.com,qW8$u\@z_1,Heath Powder,male,25,1,0,0,0,0,0,1,1,1,0,0
725,qtrowsdallk4@homestead.com,cP6<M>x~,Quentin Trowsdall,female,15,0,1,1,0,1,1,1,1,0,1,1
726,sknathk5@constantcontact.com,nK7%T/Slu_RaeM,Sasha Knath,female,9,1,0,1,0,0,1,1,1,1,0,1
727,dwyllcockk6@vk.com,dU9'R(H2HJK$),Dulcinea Wyllcock,male,37,1,0,1,1,0,1,0,0,1,1,0
728,bliliank7@eventbrite.com,vA3>Iomy,Baldwin Lilian,male,19,0,0,0,1,0,0,1,1,1,0,0
729,kscutchingsk8@cbsnews.com,nN1&uzsKmn3,Klarrisa Scutchings,prefer not to say,15,0,0,0,1,0,1,1,0,0,0,1
730,mslisbyk9@usnews.com,zH7~My0F9K,Mickie Slisby,prefer not to say,17,0,1,0,1,0,0,1,0,0,0,0
731,rruppelinka@com.com,lI2!$thEj|O5ge=#,Rudy Ruppelin,male,9,1,0,1,0,0,1,1,1,1,1,1
732,rgreenlandkb@hao123.com,oZ1/I`_7,Regan Greenland,female,20,1,1,0,1,1,0,1,0,0,0,0
733,dwylltkc@mysql.com,"xM4,n9AQ",Demetris Wyllt,prefer not to say,31,1,1,1,1,0,0,0,1,1,0,1
734,gduleykd@smugmug.com,pJ0#0j_Z87_,Glyn Duley,prefer not to say,9,0,0,0,1,0,1,1,1,1,0,1
735,bharborke@wunderground.com,xV7@3G/fIQh7Z!=),Berna Harbor,prefer not to say,37,0,1,1,1,1,0,1,1,0,1,1
736,felcomekf@trellian.com,mB3)UTh6gSei%,Fonzie Elcome,male,32,0,1,0,1,0,1,1,0,0,1,0
737,aathersmithkg@sciencedaily.com,vR7>zP$Yir<'=`,Ade Athersmith,male,36,0,1,0,0,1,1,1,0,0,1,0
738,dbuggskh@networksolutions.com,yC2`8dDS%KnIh,Dietrich Buggs,female,31,0,1,1,1,0,1,0,0,0,0,0
739,wmcdellki@cpanel.net,"qZ5<Xdc,0",Warner McDell,prefer not to say,43,0,1,0,1,0,0,1,1,0,0,0
740,awildsmithkj@sciencedaily.com,"xC3`""y1}dhH!p",Archy Wildsmith,female,36,0,0,1,1,1,1,0,0,1,1,1
741,gcrackettkk@quantcast.com,mY7_\fl)J\,Germaine Crackett,female,9,0,0,1,0,0,0,1,1,0,0,0
742,mcleevelykl@ezinearticles.com,"bD6,V3pfiUUHSv}%",Madelina Cleevely,female,35,0,1,1,0,0,0,0,1,0,1,0
743,mtriswellkm@e-recht24.de,mY6_oV<Q>'},Millard Triswell,male,39,1,0,0,0,1,0,1,1,0,1,0
744,nwhistankn@xinhuanet.com,rU1/Gh(%ccZapB,Nobe Whistan,male,34,0,0,1,1,0,0,0,0,0,1,0
745,plilianko@stanford.edu,uZ5(z68Vod.t<y,Philomena Lilian,prefer not to say,27,1,1,0,0,1,0,1,0,1,0,0
746,kduffieldkp@newyorker.com,hQ6.O_53!<',Kristos Duffield,female,34,0,0,0,0,0,0,1,1,0,1,0
747,gstannardkq@census.gov,yE2~ItiiB7`8,Gypsy Stannard,female,15,0,0,0,0,0,0,0,1,1,1,1
748,jmacritchiekr@ifeng.com,"nZ4*Ml=&47+,G",Jania MacRitchie,female,20,0,0,0,1,1,0,1,0,1,0,1
749,mbisikerks@who.int,"xK1@9RIh@7&U""5M#",Martica Bisiker,female,31,0,1,1,0,1,1,0,0,1,1,1
750,krasherkt@sina.com.cn,cF0>DDe\qNH,Kurtis Rasher,prefer not to say,33,1,0,0,1,1,0,1,1,1,0,1
751,agerglerku@g.co,uT2)S1!5D,Antonia Gergler,female,30,1,1,1,1,0,1,1,0,0,1,1
752,iechaliekv@angelfire.com,uT0){>BnNv(xf,Ilsa Echalie,male,20,0,1,0,0,1,0,1,1,1,0,0
753,hwaymontkw@opensource.org,cB4!K+?m\f3CILc,Heather Waymont,male,31,0,0,0,1,1,1,0,0,0,0,0
754,bseakx@pcworld.com,jQ3_IPqCnxjw4,Beverie Sea,male,14,1,1,1,1,1,1,0,0,1,1,1
755,tfontenotky@webmd.com,rW2.d2\Cw$GS,Travers Fontenot,prefer not to say,38,0,0,1,1,0,0,1,0,1,0,1
756,pweldrakekz@unicef.org,hE8_c8G2g3}W,Philip Weldrake,female,9,1,0,1,0,0,0,0,1,1,0,0
757,pyepiskopovl0@chronoengine.com,gG4\6$Y.6zaaHZ,Pietro Yepiskopov,male,14,1,0,0,1,0,0,1,0,0,0,0
758,bastlettl1@elpais.com,"wF9(0h,un\*HP2",Beatrix Astlett,prefer not to say,24,1,1,1,1,0,0,0,0,0,1,1
759,aatleel2@vkontakte.ru,rR8!gp+k6yKE_r,Adolf Atlee,female,31,0,0,0,0,0,1,1,0,0,0,1
760,ganstiel3@booking.com,"gL0'X,vwU))Kx74n",Georg Anstie,female,19,1,1,0,0,0,1,0,1,1,0,0
761,mchristensenl4@bloglines.com,bM0(n*'ytk,Mahalia Christensen,male,18,0,1,1,0,0,1,1,0,0,1,1
762,atrahearl5@yahoo.com,"cP6@Y??kINf4,P",Aileen Trahear,prefer not to say,9,0,1,0,1,1,1,1,1,0,0,0
763,krappoportl6@tumblr.com,sT4)**uxe~}k)Ob,Korry Rappoport,female,37,0,1,0,0,1,1,0,1,1,1,0
764,acamerellol7@networkadvertising.org,uQ2@W)MR'{D27|,Angie Camerello,prefer not to say,14,0,0,1,1,0,1,0,1,0,0,1
765,cespleyl8@omniture.com,"yE6$8,Mi@",Con Espley,prefer not to say,32,0,1,1,0,0,0,0,0,0,0,0
766,upesterl9@examiner.com,jZ7#sP8`_?*BEKH,Uriah Pester,prefer not to say,24,0,0,1,0,1,1,1,1,1,0,1
767,kcailloula@cafepress.com,wD9&c3gK>%'62,Karlotte Caillou,male,10,1,1,1,0,0,0,1,0,0,1,0
768,tcristofanolb@youtube.com,eQ0<NfxbT{xV,Truda Cristofano,male,43,0,1,0,0,1,0,0,1,0,1,0
769,kwinscomblc@tamu.edu,"jH2?I~l,N",Kevina Winscomb,prefer not to say,12,1,1,0,0,1,1,0,1,0,0,1
770,astallworthyld@vk.com,"uA8}8.O""s~",Aurelea Stallworthy,female,31,1,0,1,1,0,1,1,0,1,0,0
771,jdoghartiele@ebay.co.uk,mG0'~lo_V?k$mh8,Jocelyne Doghartie,male,41,0,0,1,0,0,0,0,1,1,1,1
772,cedgelerlf@miibeian.gov.cn,"jV1/4.,'Nb",Charlena Edgeler,prefer not to say,27,0,1,1,0,0,0,1,1,0,0,0
773,bmarzelelg@whitehouse.gov,qY0)v4J@WAwe@,Beverlie Marzele,prefer not to say,25,1,1,0,0,1,0,1,0,1,0,1
774,dkingzethlh@washingtonpost.com,kB7+o}Qie,Davin Kingzeth,male,38,0,1,0,0,0,0,0,0,1,0,0
775,egrintli@timesonline.co.uk,lQ2?wgqH46isR1|a,Elianore Grint,male,27,1,0,0,1,1,0,0,1,0,1,1
776,ldearmanlj@blogs.com,oW2|boESZF,Lucky Dearman,female,27,1,0,1,0,0,0,1,0,0,0,0
777,rgirardylk@cornell.edu,eP2|#mWoBQ`gG<=I,Rik Girardy,male,19,1,1,0,1,0,1,0,0,0,1,0
778,mbisattll@home.pl,fZ2+GqkZ#U4UnY&,Maryann Bisatt,prefer not to say,19,0,0,1,0,1,1,0,1,0,0,0
779,kdelaprellelm@jiathis.com,sX8$O*\T,Katya Delaprelle,prefer not to say,35,1,0,0,1,0,0,1,1,0,0,1
780,cbellinghamln@deliciousdays.com,fT1?N8$$s@9AKm6,Cliff Bellingham,prefer not to say,12,1,1,0,1,0,1,1,0,1,1,1
781,gchaterlo@vistaprint.com,vU9/))e1,Gisela Chater,prefer not to say,23,1,0,1,0,0,1,0,0,1,0,0
782,bjanneylp@si.edu,eT5`<Q.r7TOh,Blakelee Janney,prefer not to say,31,0,1,0,0,0,0,1,0,1,0,1
783,ezywickilq@a8.net,kJ4+SvOvr,Eduardo Zywicki,male,39,0,0,1,0,0,1,0,1,0,1,0
784,nkislingburylr@jigsy.com,bJ1}.OBjjI,Nicol Kislingbury,prefer not to say,14,1,1,1,0,0,0,1,1,0,1,0
785,mtrangmarls@uol.com.br,"wF8.7o@F""Pk",Miran Trangmar,prefer not to say,31,0,0,1,1,0,0,1,1,1,0,0
786,cwanjeklt@msn.com,"aQ9{@Dl,)~T",Cornelius Wanjek,female,23,0,1,1,0,1,1,0,0,1,0,0
787,lmourgelu@mac.com,"tA7'k|S,r?",Linea Mourge,prefer not to say,20,0,1,0,1,1,1,1,0,0,0,1
788,mszantholv@icio.us,"gB2,W|V?_'QuxNr",Merridie Szantho,prefer not to say,17,1,1,1,1,0,1,0,0,1,0,0
789,csutheringtonlw@pinterest.com,zC0>F5TUjQ@Ahb,Christin Sutherington,male,34,1,1,0,1,1,0,1,1,1,0,0
790,kcausbylx@newyorker.com,nF0}$`tfbV5HU2ox,Kiley Causby,prefer not to say,16,1,0,0,1,0,0,0,0,0,0,0
791,borreyly@slashdot.org,"sY5,Snu+",Bethanne Orrey,male,30,0,1,0,0,1,0,1,0,1,0,1
792,jmcmillianlz@altervista.org,dF8#s7qHAq/>G>,Jenelle McMillian,female,29,0,0,0,1,1,0,0,0,1,1,0
793,lrilstonm0@unblog.fr,xQ4/VV9\yU,Lew Rilston,prefer not to say,38,1,0,0,1,1,1,0,1,0,1,1
794,bmacglorym1@google.pl,"bN9\F)G'Tz,D",Bevin MacGlory,prefer not to say,17,1,0,1,0,0,1,0,1,1,0,1
795,ntubblesm2@creativecommons.org,eY2&T)}ejAu,Nicki Tubbles,male,37,1,0,1,1,1,0,1,0,1,0,0
796,aramsierm3@fda.gov,mN7=(Msd,Aldis Ramsier,female,31,1,1,1,0,0,0,0,0,1,1,0
797,dziemsenm4@springer.com,cB6<Fw6fhT97sJd>,Dionysus Ziemsen,male,11,0,0,1,1,0,0,0,0,0,1,0
798,wsaintsburym5@cbsnews.com,eZ4@G(x4Q,Wynn Saintsbury,male,31,0,0,1,1,0,1,0,1,0,1,1
799,cezelem6@cbc.ca,bY2!kUT3q,Conroy Ezele,female,21,1,0,1,0,0,0,0,0,1,0,1
800,tstitlem7@free.fr,yS1'vO0>Py2N{SI,Tammie Stitle,male,19,0,0,1,0,1,0,1,1,0,1,1
801,cpavlishchevm8@paginegialle.it,xN3)ur~Tx5j$t,Cornie Pavlishchev,female,14,0,1,0,0,0,1,1,0,0,1,1
802,dlem9@alexa.com,lI1*l!z3Ur2#c%,Damaris Le Guin,male,23,1,0,0,1,0,0,1,1,0,1,0
803,vgumeyma@bbc.co.uk,"kY8,E}<_",Viola Gumey,male,42,0,0,1,1,1,0,1,1,1,0,1
804,smahonymb@hhs.gov,uN0={o{JYOr'{`B,Shanda Mahony,female,27,1,1,1,0,1,0,0,0,0,1,1
805,swendovermc@fotki.com,fP8/Q5<j8bpW3,Shawnee Wendover,female,43,0,1,0,1,1,0,1,1,0,1,1
806,fsprosonmd@tripadvisor.com,vG6&$N#6,Fonz Sproson,female,25,0,1,1,1,0,0,1,0,0,0,1
807,pgirardinme@reverbnation.com,cI4{KUbF._6d,Phillida Girardin,female,9,0,1,1,0,1,1,0,0,0,0,1
808,kwhybraymf@cbc.ca,yY5.wyNgvdio,Karita Whybray,male,25,0,0,0,1,0,0,1,0,1,0,0
809,oskymemg@surveymonkey.com,gS4~`8Q%bje,Orbadiah Skyme,prefer not to say,40,0,0,0,1,1,0,1,1,0,1,1
810,askirvanemh@tuttocitta.it,"qT4>4eryX""oU(H#",Amalea Skirvane,male,20,1,1,1,0,1,1,1,0,1,0,1
811,jmalymi@google.de,uS4.`$O`c%'.,Jerrome Maly,prefer not to say,43,1,0,1,0,0,1,1,0,0,1,0
812,afieldsmj@hc360.com,gC9|3E9Vi,Anita Fields,prefer not to say,36,0,0,0,0,0,0,0,0,1,1,1
813,dmacdirmidmk@theatlantic.com,"eU7~""x#)tgon+",Dulce MacDirmid,male,23,1,0,1,1,1,0,1,0,0,0,0
814,dmoncarrml@cpanel.net,fD3`%yvGY?Ct_,Douglass Moncarr,male,19,0,1,1,0,0,1,0,1,1,1,1
815,ssimanekmm@hostgator.com,jP4*SqF3L@1n40,Shaine Simanek,female,27,0,1,0,1,1,0,0,0,0,1,1
816,dfirpimn@earthlink.net,cH7@3.dtIJ*1fh,Doralynn Firpi,female,23,1,0,1,0,1,0,1,1,0,0,0
817,ematantsevmo@washingtonpost.com,eB2?d9ehhz{ILN4,Eustacia Matantsev,prefer not to say,18,1,1,1,1,1,1,1,0,0,0,0
818,guttleymp@auda.org.au,wF2`TjC&_,Georgianne Uttley,male,17,0,0,0,0,1,0,1,0,0,0,0
819,mmillieremq@exblog.jp,"dN1""4bWZ4w",Marlin Milliere,female,11,1,1,1,0,0,1,1,0,0,0,1
820,vreynoldsonmr@list-manage.com,uC6\|pNL,Vergil Reynoldson,prefer not to say,27,1,1,0,1,0,0,1,1,1,0,0
821,pdudinms@hugedomains.com,fW2\Cz0+|U$db,Pavla Dudin,male,30,1,1,1,1,0,0,0,1,1,1,1
822,sraemt@geocities.jp,"hJ0,RHxtL|)/M",Skelly Rae,female,18,0,1,1,0,0,1,1,0,0,1,0
823,lkaindlmu@trellian.com,cT6#>alAFxv,Lucretia Kaindl,male,39,0,1,1,0,0,0,0,1,0,0,1
824,isparrowmv@com.com,cW7*Z<%%Y5UX,Ivette Sparrow,prefer not to say,11,1,1,0,0,1,0,1,1,1,1,1
825,erashermw@comsenz.com,gQ1%b))\bW,Ezechiel Rasher,prefer not to say,18,0,0,1,0,1,0,1,1,1,1,1
826,ghayfordmx@naver.com,yK1*)&M=f,Gabrielle Hayford,prefer not to say,37,1,0,1,0,1,1,1,1,1,0,1
827,cfidginmy@mysql.com,"uN6.(!3tt,k+b",Cornie Fidgin,prefer not to say,9,0,1,0,1,0,1,0,1,1,0,0
828,jmelluishmz@theguardian.com,vU8*fTz}l,Joceline Melluish,male,23,1,0,1,0,1,0,0,0,1,0,1
829,whavardn0@intel.com,uQ4?v+YzA,Willyt Havard,female,30,1,0,1,0,0,0,1,0,0,0,0
830,ccrewn1@domainmarket.com,tZ6<b`Zd'\gD,Clementia Crew,female,37,0,1,0,0,1,1,0,0,1,0,1
831,ncolletonn2@un.org,qN9&Yt$~6_w+&EV3,Neysa Colleton,prefer not to say,39,0,0,0,0,0,0,0,1,0,0,1
832,gstuartn3@goo.gl,aY6&0Ra$B,Gunar Stuart,prefer not to say,14,1,1,1,1,1,1,1,0,0,1,0
833,ajakesn4@themeforest.net,vY2%F2n1wT,Amalia Jakes,female,21,1,0,0,0,1,1,0,1,0,1,1
834,mleftleyn5@live.com,"jF8""yoIe,E",Maxine Leftley,prefer not to say,21,1,1,1,1,1,1,0,0,1,0,0
835,rsimoninn6@ihg.com,"wO2""='u==&$B",Ruthanne Simonin,female,32,0,0,0,1,0,1,0,1,1,1,0
836,wbeddingn7@mayoclinic.com,aK2#{TO~,Wye Bedding,female,21,1,0,1,0,1,1,0,1,1,0,0
837,nbraidfordn8@canalblog.com,uT7{d@u4#Su'>@n8,Noellyn Braidford,female,29,1,0,1,0,1,0,1,0,0,1,0
838,gkinnenn9@bizjournals.com,bT3/w9cg(G,Gustaf Kinnen,prefer not to say,15,1,1,0,0,0,1,0,0,0,0,0
839,mkilmartinna@github.io,hM1)JJw4,Meir Kilmartin,prefer not to say,16,1,1,0,1,0,0,1,0,0,1,1
840,rbabarnb@eepurl.com,mQ4}cfaa*IX1',Reynold Babar,male,18,0,1,0,1,1,1,0,0,1,1,0
841,mglavesnc@auda.org.au,gC5$gy9*u5qEBs#,Merry Glaves,male,23,0,1,1,0,0,0,1,1,1,1,1
842,hewartnd@engadget.com,"iG2@cLa=<9""URC",Hurleigh Ewart,prefer not to say,18,1,0,0,0,1,1,1,1,1,1,1
843,pjuszkiewiczne@soundcloud.com,"eX9<EQa1.D3""Gt",Pierrette Juszkiewicz,female,15,0,0,1,1,1,1,1,0,0,0,0
844,wpietraneknf@scribd.com,fD1?*1F6?,Winonah Pietranek,prefer not to say,16,1,0,1,0,0,1,0,1,1,0,1
845,drandlesng@blogger.com,uC4%W>D%yHWK,Domenico Randles,female,38,1,0,0,0,1,0,1,0,0,1,0
846,dlortzingnh@adobe.com,rX0)ag|z,Douglas Lortzing,male,27,1,0,1,0,1,1,0,0,0,1,1
847,wlydiardni@engadget.com,"mC8|>xg#vz?xQb""T",Wynn Lydiard,prefer not to say,37,0,0,1,1,0,1,0,1,0,0,1
848,ctrimbeynj@woothemes.com,hO7~(On915,Claudell Trimbey,female,40,1,0,1,1,0,0,1,1,0,0,0
849,dfoulksnk@shop-pro.jp,fH7\e'ODIL,Dalia Foulks,prefer not to say,37,1,0,1,0,0,1,0,0,1,1,1
850,nhanigannl@cocolog-nifty.com,xM1`lSm#v,Nap Hanigan,male,34,1,1,1,1,0,1,1,0,1,1,0
851,twardallnm@exblog.jp,zW0?o%P|3OGm,Timothee Wardall,prefer not to say,13,0,1,1,0,1,1,1,0,0,0,0
852,ltournienn@hud.gov,fC8}g?ISjaBr)1,Lucilia Tournie,prefer not to say,27,0,0,1,0,0,1,1,1,1,0,0
853,dminocchino@cargocollective.com,rW5/=ArYC\nze`,Dilly Minocchi,male,18,1,1,0,1,0,1,0,1,0,1,0
854,rcastellsnp@skype.com,nP8#HnU{1c,Ree Castells,female,30,0,0,0,0,0,0,1,0,0,1,1
855,gtourrynq@slideshare.net,"eM0*y,I3=vZ#@",Ginny Tourry,female,37,1,0,1,0,0,1,1,1,1,1,0
856,olenr@state.tx.us,qW8)l(al{V#}w98,Olive Le Strange,prefer not to say,35,0,0,1,0,0,1,0,0,0,1,1
857,lpayens@ebay.com,hD4(/@>NpC,Lorrayne Paye,female,33,0,0,1,1,1,0,1,1,1,0,0
858,dgerrietsnt@de.vu,bG7)z`a*,Dyann Gerriets,prefer not to say,37,1,0,0,0,0,0,0,1,1,1,1
859,rklossmannnu@economist.com,xM5/=ldO&VKHJ4Ql,Rozella Klossmann,male,21,1,1,1,1,0,1,1,1,0,0,0
860,jsiebartnv@tumblr.com,eK8`!j#8rC!Yz,Jennilee Siebart,male,41,0,0,1,1,0,1,0,0,0,0,1
861,cclaraenw@google.de,"cJ9\./lbQCLect,b",Caryl Clarae,prefer not to say,10,0,0,0,0,0,0,0,0,1,0,0
862,tsinkinsonnx@wix.com,"aY2&,vvAaP9|vJH",Tobey Sinkinson,female,25,1,1,0,1,0,0,0,1,0,1,1
863,jbowny@netvibes.com,sN8*BMX4Fy}\ha,Jeannine Bow,prefer not to say,28,1,1,0,1,0,1,0,1,1,0,1
864,aburchnallnz@google.com.hk,nI5\HH*Cn@J(4d,Abigael Burchnall,male,15,0,0,0,1,1,0,1,0,1,1,0
865,wmccluneo0@wired.com,"yK3?""l@""1)u",Winnifred McClune,male,43,1,0,1,0,1,0,0,0,0,0,1
866,efarrenso1@liveinternet.ru,jR3(#cJZp,Edy Farrens,prefer not to say,25,0,0,0,0,1,0,1,1,1,0,0
867,cprobbingo2@mac.com,"xW5~""h,peyY",Cecilius Probbing,female,9,0,0,0,1,1,1,0,1,1,0,1
868,alehrero3@t.co,"mJ8""f'=ARW/}",Auberon Lehrer,female,9,0,1,0,1,0,0,1,0,0,0,1
869,bboatho4@apple.com,iR4'2Cs86'VT&gkn,Brina Boath,female,30,0,0,0,0,1,1,0,0,1,1,0
870,kjerromeso5@quantcast.com,"fA1""@}Pn_",Kattie Jerromes,female,34,1,0,0,1,1,0,1,0,0,0,1
871,cfynano6@ftc.gov,sW4'OjL'/A96iz,Carce Fynan,prefer not to say,25,1,0,1,1,1,1,1,0,1,1,0
872,aleathleyo7@arizona.edu,"kZ3,XBn5zX{v",Annissa Leathley,prefer not to say,25,1,0,1,1,1,0,1,0,0,1,1
873,cmarkieo8@exblog.jp,"oL0>AWZt&,YD",Cristal Markie,female,14,0,0,0,1,0,0,1,0,1,1,1
874,nweatherheado9@theatlantic.com,vO5)nV='%W|+fUD,Nikolia Weatherhead,prefer not to say,18,0,0,0,1,1,1,0,0,0,0,0
875,bcreaghoa@mozilla.com,qX4!uKjr#90w,Bell Creagh,male,25,1,1,1,1,0,1,1,0,1,0,1
876,ajennisonob@upenn.edu,sM4?vSm%yhY*O,Augie Jennison,male,36,1,0,1,1,0,0,1,1,0,0,0
877,bboyenoc@gmpg.org,pO2.X/Y<,Bernelle Boyen,prefer not to say,40,0,0,1,1,0,0,1,0,0,0,0
878,eandrusod@springer.com,zV1+wd{2PgJ,Elnar Andrus,prefer not to say,34,0,1,1,1,1,1,0,0,1,0,0
879,mstolloe@cafepress.com,cJ7<LbLJ,Maximilien Stoll,female,43,1,1,1,0,0,1,0,1,1,1,0
880,egyrgorcewicxof@google.cn,bB8_0OsWg,Essie Gyrgorcewicx,male,23,0,1,1,0,1,1,1,0,0,1,0
881,ffilleryog@xinhuanet.com,"xJ5?ox<""}p",Fancy Fillery,prefer not to say,39,1,0,1,1,1,1,1,1,1,0,0
882,gioannidisoh@imgur.com,hZ5/O'MGF!B,Godiva Ioannidis,female,35,0,0,1,0,0,0,0,1,1,1,0
883,tcorstonoi@list-manage.com,tI8<'WT(~||UVF,Tiena Corston,male,42,0,1,1,0,1,1,1,0,1,0,1
884,aniblooj@shop-pro.jp,xV3_Bj@{3W,Andy Niblo,prefer not to say,19,0,1,1,0,0,1,1,0,1,1,0
885,moraeok@live.com,dV7>>gjcX20K,Mile Orae,prefer not to say,29,1,0,0,0,0,1,1,1,0,1,0
886,clathleiffol@tmall.com,zO5}KQAQ,Carrie Lathleiff,prefer not to say,32,1,0,1,1,1,0,0,1,0,1,1
887,agofforthom@sogou.com,kQ0}bbue,Allyce Gofforth,prefer not to say,35,1,1,0,1,1,1,1,1,1,0,0
888,hfrisdickon@cornell.edu,kM1.==&*b08lwhy,Hestia Frisdick,male,41,0,1,0,1,1,0,0,0,1,0,0
889,jgarstanoo@jimdo.com,fQ6<x_xnz$8FbuI,Jefferson Garstan,male,21,0,0,1,1,1,0,1,1,1,0,1
890,cquarlisop@creativecommons.org,"gV2?6l*""",Carlye Quarlis,female,38,0,1,0,0,1,1,0,0,0,1,1
891,itrunkfieldoq@fema.gov,xW5's(fY0bV6m>H,Isidoro Trunkfield,female,16,0,0,1,0,1,1,1,1,0,0,0
892,amayberyor@ycombinator.com,wS8}up4IqZdE6~P,Analise Maybery,male,27,1,0,0,1,1,0,0,0,1,0,0
893,amacevillyos@auda.org.au,cN1=fNbJI,Alastair MacEvilly,prefer not to say,35,1,1,0,0,1,1,1,0,0,0,1
894,ffowldsot@histats.com,nW8}#Gxf+,Fabian Fowlds,female,24,1,0,0,1,1,1,1,1,1,0,1
895,jglentworthou@amazon.com,pD9)tVtV,Jada Glentworth,female,11,0,0,1,1,1,1,0,1,1,1,0
896,dcreanyov@prlog.org,pV8<1B6_PjmT,Douglass Creany,male,19,0,1,1,0,1,0,0,1,1,1,0
897,gjesperow@google.it,cT3*{idm_32)uNf/,Gay Jesper,female,25,0,0,1,1,0,0,1,1,1,1,0
898,ckibbyeox@ocn.ne.jp,uT6(fb.UT_,Cindi Kibbye,female,15,0,0,0,0,0,1,0,0,1,0,0
899,tmicklemoy@cpanel.net,uG9.y%LDX,Timmie Micklem,male,22,1,0,1,1,0,1,1,1,0,1,1
900,ahannahoz@ebay.co.uk,wH2&oi#vLKoC,Alfonse Hannah,female,34,1,1,0,0,0,0,0,0,0,0,0
901,mcolebornp0@xing.com,kR2?0ui6,Merrill Coleborn,male,43,1,1,0,1,1,1,1,0,0,1,0
902,dpuviap1@irs.gov,"qW7#Zy'r$l,=L|",Don Puvia,prefer not to say,36,1,0,0,1,0,0,1,1,1,1,1
903,bparadep2@berkeley.edu,rE3!'|D$s#rib8<,Bridgette Parade,male,36,0,0,0,1,1,1,1,0,0,1,0
904,ggowlingp3@vkontakte.ru,wK4+t~oX,Griffin Gowling,prefer not to say,32,1,0,1,0,0,0,1,0,0,0,0
905,emacconneelyp4@narod.ru,cI5(iN7a,Erika MacConneely,prefer not to say,30,1,1,0,0,1,0,1,1,0,1,0
906,ceglingtonp5@lycos.com,vN8*S@fV3z9=,Clarey Eglington,female,14,1,0,0,0,0,0,1,1,1,1,1
907,zcranmorep6@gnu.org,oD7\?LyJi,Zandra Cranmore,male,17,1,0,0,1,0,1,1,0,0,1,1
908,tsikorskyp7@spiegel.de,qB3\Enu5phrH*7Tq,Tamqrah Sikorsky,female,41,0,0,1,1,1,0,0,0,1,0,1
909,btripletp8@wikia.com,fD7*pD`u@`?T,Barr Triplet,prefer not to say,16,1,0,0,1,0,1,0,0,0,0,1
910,sdep9@lycos.com,cL2{gR{<+s,Simon De Ath,prefer not to say,20,1,1,1,0,1,1,0,1,1,1,1
911,aadnepa@fastcompany.com,kL3*Pb.I&ZWXa_#,Alie Adne,female,9,0,1,0,1,1,1,1,0,0,1,1
912,mcockrenpb@twitpic.com,cH7|ij4#+,Magdalen Cockren,prefer not to say,43,0,1,1,0,0,0,0,1,0,1,0
913,sdightonpc@desdev.cn,qH1!Ef{>\l,Sheelah Dighton,male,41,1,1,1,1,0,1,0,1,1,1,0
914,helixpd@java.com,vF1(ot<51,Helga Elix,male,14,1,1,1,0,0,1,0,1,1,0,0
915,mnoldape@globo.com,sT0`X|@dH}t.,Marin Nolda,male,10,1,1,1,0,1,0,0,1,0,0,0
916,shamilpf@cbc.ca,nZ7'Vkh0,Sibel Hamil,female,30,1,1,0,0,1,0,0,1,0,0,1
917,zusherwoodpg@mayoclinic.com,dG8}oT<_yU,Zacharie Usherwood,prefer not to say,41,0,0,1,0,1,0,1,1,0,0,0
918,abrownseaph@nature.com,qL2+HyMj#NS,Alfy Brownsea,female,43,0,0,1,1,0,1,0,0,0,1,0
919,jsurgeonerpi@cdc.gov,jX3|ISb/8{}\.,Jaquenette Surgeoner,male,31,0,1,1,1,0,1,0,0,1,1,1
920,dbissetpj@purevolume.com,"zE3,%h)mX",Darren Bisset,male,40,1,1,1,0,0,0,1,0,1,1,1
921,wdeerrpk@people.com.cn,"xI2""!T0cWht>",Winny Deerr,female,9,1,1,0,0,1,0,1,1,1,1,1
922,aoosthoutpl@cbsnews.com,mI8$JTF!gYp&O={,Alisun Oosthout de Vree,female,25,1,1,1,1,0,1,1,0,1,0,0
923,wlagenpm@odnoklassniki.ru,hL4.0OnxBkouP6uP,Ward Lagen,prefer not to say,36,1,0,1,0,0,1,1,0,1,0,0
924,ckellegherpn@clickbank.net,aH2?qOaPR|YJ,Cyndie Kellegher,prefer not to say,32,1,0,1,0,1,0,0,1,1,1,1
925,rbartlepo@gizmodo.com,uN7/hS>QR#mygIq+,Ruperto Bartle,female,32,1,1,0,1,0,0,1,1,1,0,0
926,cdrillingcourtpp@netlog.com,kJ3+Ahg$,Clement Drillingcourt,prefer not to say,33,0,1,1,1,0,1,0,1,1,1,1
927,vrosenbergerpq@parallels.com,iW3`5j{q@j,Vidovic Rosenberger,male,17,0,0,1,0,1,0,1,1,1,1,0
928,lmaccomiskeypr@redcross.org,"tY1{""L>ng_iO",Layton MacComiskey,male,17,1,1,0,0,1,1,0,0,1,1,1
929,vyarntonps@weather.com,"wD9_""v%oA",Vivianne Yarnton,male,22,0,1,0,1,0,0,0,1,0,0,1
930,abansteadpt@java.com,eU6$M<04H!,Arnold Banstead,male,18,1,1,1,1,0,0,0,1,1,0,1
931,dhymanspu@cnbc.com,"vB3$,>&S",Delmor Hymans,female,16,1,0,1,0,1,1,0,1,0,1,1
932,cmcgiffiepv@nytimes.com,"qT1).q,}G\",Carr McGiffie,prefer not to say,15,0,0,1,1,0,1,1,1,1,0,1
933,gbouzekpw@arstechnica.com,"jR2'F%,E(q@wM.",Gareth Bouzek,male,23,1,0,0,1,1,0,1,1,1,1,1
934,bgormleypx@blogtalkradio.com,qU4?skUKWOt,Brannon Gormley,prefer not to say,37,0,0,0,1,1,1,1,0,0,1,0
935,gdoretpy@mashable.com,wE4)$nnu)J&N/~,Gavra Doret,male,31,0,1,1,1,1,0,0,1,1,0,1
936,agiacovettipz@liveinternet.ru,"yP8&D`.%nCC""NB@",Alberta Giacovetti,male,14,0,0,0,1,0,1,0,1,0,0,1
937,mcolebornq0@dmoz.org,fM2_%lii<#m6,Merrie Coleborn,female,40,0,1,1,0,1,1,0,0,0,1,1
938,sfarrerq1@ow.ly,bG9.L&Z`a,Sidonia Farrer,prefer not to say,15,0,0,1,0,0,1,0,1,1,1,0
939,rccominiq2@thetimes.co.uk,hZ5#QE/Y,Rochell Ccomini,female,25,1,1,0,0,1,0,1,0,1,0,1
940,smatiasekq3@comsenz.com,vU7#.fRd}GG,Sigvard Matiasek,male,30,1,1,0,0,1,1,1,1,1,1,1
941,mwhorallq4@cbc.ca,yS3=Z(0.MK$i'0,Maurizio Whorall,male,9,1,0,0,0,1,0,1,1,0,1,0
942,tbassillq5@intel.com,tR2\/3'PUjt!M*k,Terrie Bassill,female,12,1,1,1,0,0,0,1,0,1,1,1
943,sbygravesq6@miitbeian.gov.cn,dD6\3`38fDl,Sigvard Bygraves,prefer not to say,15,0,1,0,1,0,0,1,0,1,1,1
944,kkernaghanq7@hc360.com,oG9\hpg#,Katee Kernaghan,male,14,0,0,1,1,1,1,0,1,1,1,0
945,bweaversq8@tiny.cc,nO1~L~\h{#?,Bailie Weavers,prefer not to say,39,1,1,0,1,0,1,0,0,1,0,1
946,cwhiskerq9@mapquest.com,lE6_Xj03>Z,Concettina Whisker,male,40,0,1,1,0,1,1,0,0,1,1,0
947,agodinqa@europa.eu,xL5)DL's?4K%$,Amalee Godin,prefer not to say,9,1,1,1,0,0,1,1,1,1,0,1
948,vbrandesqb@nationalgeographic.com,"gI7,_u5>_L1W_P",Vally Brandes,prefer not to say,24,0,0,1,0,1,0,0,1,1,1,0
949,jpannerqc@over-blog.com,jE3`ig}SXFZ,Jennine Panner,female,33,1,0,1,0,0,1,1,1,0,0,1
950,wwaddyqd@sphinn.com,aM7_DqXB,Wendye Waddy,female,29,1,1,1,1,0,0,1,1,1,0,1
951,rfowlerqe@eepurl.com,nG2)Na(jfxgF5<s+,Raf Fowler,female,22,1,1,0,1,0,1,0,1,0,0,0
952,abridgewaterqf@behance.net,yT1.U$*XW,Andris Bridgewater,prefer not to say,27,1,0,0,0,0,1,1,1,0,0,1
953,vcicettiqg@jalbum.net,uQ5|0p$>,Vick Cicetti,male,23,1,0,0,0,0,0,0,1,0,0,1
954,cthurstanceqh@pen.io,"bG6""x~92ZbF/",Cassandry Thurstance,prefer not to say,35,0,1,0,1,1,1,1,1,0,0,0
955,ccunradiqi@springer.com,yW9#H&s+x.j,Cynthea Cunradi,prefer not to say,19,1,0,1,0,0,1,0,0,0,0,1
956,mpinckneyqj@hud.gov,jG5$ii?Sb2DU4cZo,Morganne Pinckney,prefer not to say,16,0,0,1,0,0,0,0,0,1,1,1
957,mrufflesqk@clickbank.net,hD3*lCZtaU,Mame Ruffles,prefer not to say,19,1,1,1,1,1,1,0,1,1,0,0
958,sgillumql@upenn.edu,"tS6@aqF7,&",Shawnee Gillum,female,11,0,0,0,0,0,1,1,0,1,0,0
959,cszimonqm@ebay.co.uk,iD3!yqa_G,Clay Szimon,female,26,0,0,1,0,0,1,1,1,1,0,0
960,sjackwaysqn@woothemes.com,"sL2,MK0+Pc",Sarette Jackways,prefer not to say,35,1,1,0,0,1,1,0,0,0,1,1
961,dplacidiqo@state.tx.us,"sD1}&w(}fcs,",Dore Placidi,female,35,0,0,1,1,1,0,0,0,0,1,0
962,bscorahqp@noaa.gov,hH3?#@$Cmg,Basile Scorah,male,35,1,1,1,0,0,0,0,0,0,0,0
963,fjohananoffqq@opera.com,cP7?I'IPh@&?Z,Fiona Johananoff,female,25,0,0,1,1,1,1,0,0,1,0,0
964,alerohanqr@cpanel.net,"fV8(R'}Lf)/7dDx""",Amelie Lerohan,prefer not to say,43,1,1,0,0,1,0,0,1,1,0,0
965,wsellimanqs@topsy.com,dD4$#/8'Nk~8,Waylen Selliman,female,21,1,1,0,0,1,1,0,0,1,1,0
966,kpetersenqt@infoseek.co.jp,oF8#dz}tV$A>ai,Kerwin Petersen,female,30,0,0,1,1,0,1,0,0,0,1,1
967,cheyworthqu@opensource.org,lA5.qXUk(k/|Duv,Charla Heyworth,male,10,0,0,0,0,1,1,1,1,0,0,1
968,bannandqv@fc2.com,zJ0<*Ou#y4,Boris Annand,prefer not to say,19,1,1,1,1,0,1,0,0,0,0,1
969,aleebetterqw@msn.com,vH2&mcN$,Aili Leebetter,prefer not to say,37,1,1,0,1,1,1,0,0,1,0,0
970,ccattlowqx@woothemes.com,pW3>98M#Zy|V,Carline Cattlow,female,27,1,1,1,0,1,1,0,0,1,1,0
971,msteersqy@eventbrite.com,jB2}L#dP,Marnie Steers,prefer not to say,41,1,0,1,0,1,0,0,0,1,0,1
972,kdonnersbergqz@t.co,zK7{m|)@4?!}`lN,Kelwin Donnersberg,prefer not to say,16,1,1,1,0,1,0,1,1,1,1,1
973,tmcgintyr0@phoca.cz,"nM4$KD,Sz",Tuckie McGinty,female,25,1,1,0,1,1,1,1,0,0,0,1
974,tpirouetr1@nifty.com,cZ8<E&Ht=gJ,Tildi Pirouet,male,26,1,1,0,1,1,1,0,1,0,0,0
975,webbsr2@sun.com,aT4&0u8<,Waring Ebbs,male,38,0,1,0,1,1,0,1,0,0,1,1
976,dlarkcumr3@phpbb.com,"rN5,d+{A'M,dgc",Dixie Larkcum,female,19,1,0,0,1,0,0,1,1,0,0,0
977,abarthorper4@rambler.ru,aJ6\Z3ih*<Ru,Ardisj Barthorpe,prefer not to say,18,1,1,0,1,1,1,0,0,1,0,0
978,lelsier5@ebay.com,"eI2\1JAW>$,AY$",Lainey Elsie,female,17,1,0,1,1,1,1,1,0,1,1,0
979,obastider6@oaic.gov.au,"nL3=0@e`'V2,",Odelle Bastide,male,34,0,1,0,1,0,0,1,1,1,0,1
980,mstriblingr7@mozilla.org,gS3!_)&{,Maddie Stribling,prefer not to say,25,1,1,1,1,0,0,1,1,0,1,1
981,wkubur8@squarespace.com,qK6`RSg)A+I,Winna Kubu,male,36,0,0,0,1,1,0,1,0,0,1,1
982,bpignyr9@biblegateway.com,eQ2/x1!L(,Bride Pigny,male,17,1,1,1,1,0,0,0,0,0,1,0
983,tbulliventra@sciencedirect.com,qV8/YH4+,Tedi Bullivent,female,34,1,1,0,0,1,1,1,0,0,0,0
984,jorb@liveinternet.ru,cI9>{VcxW,Janina O' Mara,female,36,1,1,1,1,0,0,0,1,0,1,1
985,sosmanrc@facebook.com,kI4#q~%*8@J>K,Sonny Osman,prefer not to say,37,1,1,0,1,1,0,1,0,0,1,1
986,kshillabearrd@soup.io,qS5%Tr}qr>hz,Kris Shillabear,female,21,1,1,0,0,0,1,1,0,1,0,0
987,utimckere@t-online.de,"wU0~pdI,2|",Udale Timcke,male,39,0,0,0,1,1,0,0,0,0,1,1
988,ejaukovicrf@devhub.com,iC9/O8ed$B6aTf,Ellyn Jaukovic,male,15,0,1,0,0,1,1,0,0,1,1,1
989,dcroucherrg@usa.gov,qL6&hW<why+R@L5,Dalton Croucher,male,19,0,0,1,1,0,1,0,1,0,0,1
990,eendleyrh@guardian.co.uk,kV4>{&M>m@)v*YPW,Ephraim Endley,female,26,1,1,1,1,0,1,0,0,0,0,0
991,ftrevanceri@yale.edu,"lQ7,5=7#Oi""m",Florencia Trevance,female,16,0,1,1,1,1,0,1,1,0,0,1
992,hblankingrj@abc.net.au,rA7$$peV,Heath Blanking,male,27,1,1,1,1,1,1,0,1,0,1,0
993,ocaronrk@oakley.com,tH6=*8.#x>,Odella Caron,male,38,0,0,0,1,0,0,1,0,1,0,1
994,nvuittonrl@etsy.com,wG4?KAH\ks.\e(p,Norris Vuitton,prefer not to say,34,1,1,0,1,0,1,1,1,1,1,1
995,rchisnallrm@mapy.cz,vO5?2<!\,Rory Chisnall,male,18,0,0,0,1,1,0,0,0,0,1,0
996,lautinrn@seattletimes.com,kB1>SImc,Lenore Autin,male,25,1,1,0,1,0,0,0,1,1,1,0
997,ugayforthro@pagesperso-orange.fr,"pA6%{dr,${",Ulrika Gayforth,male,19,1,1,1,0,1,1,1,0,0,0,0
998,jgoodierp@spiegel.de,sT3?xJbU,Jud Goodie,male,30,0,0,0,1,1,0,1,0,1,1,1
999,cvennardrq@gmpg.org,fN5*Q'vFjnv,Carolus Vennard,female,12,1,1,0,0,0,0,1,1,0,0,0
1000,jfribergrr@ted.com,wQ4~8)9VB7vCqVS,Jacquetta Friberg,male,12,1,1,1,1,0,1,0,1,0,1,1